DATE,News Sentiment
1/1/2015,0.24
1/2/2015,0.23
1/3/2015,0.23
1/4/2015,0.22
1/5/2015,0.2
1/6/2015,0.22
1/7/2015,0.23
1/8/2015,0.23
1/9/2015,0.23
1/10/2015,0.24
1/11/2015,0.24
1/12/2015,0.24
1/13/2015,0.24
1/14/2015,0.22
1/15/2015,0.21
1/16/2015,0.19
1/17/2015,0.18
1/18/2015,0.19
1/19/2015,0.2
1/20/2015,0.21
1/21/2015,0.22
1/22/2015,0.22
1/23/2015,0.2
1/24/2015,0.21
1/25/2015,0.21
1/26/2015,0.2
1/27/2015,0.2
1/28/2015,0.19
1/29/2015,0.19
1/30/2015,0.2
1/31/2015,0.21
2/1/2015,0.22
2/2/2015,0.22
2/3/2015,0.2
2/4/2015,0.19
2/5/2015,0.2
2/6/2015,0.2
2/7/2015,0.22
2/8/2015,0.21
2/9/2015,0.19
2/10/2015,0.18
2/11/2015,0.17
2/12/2015,0.17
2/13/2015,0.18
2/14/2015,0.17
2/15/2015,0.17
2/16/2015,0.17
2/17/2015,0.15
2/18/2015,0.14
2/19/2015,0.11
2/20/2015,0.11
2/21/2015,0.07
2/22/2015,0.09
2/23/2015,0.09
2/24/2015,0.09
2/25/2015,0.1
2/26/2015,0.12
2/27/2015,0.13
2/28/2015,0.14
3/1/2015,0.13
3/2/2015,0.13
3/3/2015,0.13
3/4/2015,0.13
3/5/2015,0.13
3/6/2015,0.12
3/7/2015,0.14
3/8/2015,0.15
3/9/2015,0.14
3/10/2015,0.14
3/11/2015,0.13
3/12/2015,0.12
3/13/2015,0.11
3/14/2015,0.1
3/15/2015,0.12
3/16/2015,0.13
3/17/2015,0.12
3/18/2015,0.13
3/19/2015,0.14
3/20/2015,0.13
3/21/2015,0.12
3/22/2015,0.13
3/23/2015,0.13
3/24/2015,0.14
3/25/2015,0.14
3/26/2015,0.13
3/27/2015,0.14
3/28/2015,0.15
3/29/2015,0.16
3/30/2015,0.16
3/31/2015,0.16
4/1/2015,0.17
4/2/2015,0.18
4/3/2015,0.17
4/4/2015,0.17
4/5/2015,0.17
4/6/2015,0.16
4/7/2015,0.17
4/8/2015,0.18
4/9/2015,0.19
4/10/2015,0.17
4/11/2015,0.16
4/12/2015,0.16
4/13/2015,0.14
4/14/2015,0.14
4/15/2015,0.14
4/16/2015,0.14
4/17/2015,0.13
4/18/2015,0.11
4/19/2015,0.13
4/20/2015,0.13
4/21/2015,0.13
4/22/2015,0.13
4/23/2015,0.12
4/24/2015,0.1
4/25/2015,0.11
4/26/2015,0.12
4/27/2015,0.13
4/28/2015,0.14
4/29/2015,0.15
4/30/2015,0.15
5/1/2015,0.16
5/2/2015,0.17
5/3/2015,0.17
5/4/2015,0.17
5/5/2015,0.17
5/6/2015,0.15
5/7/2015,0.15
5/8/2015,0.17
5/9/2015,0.16
5/10/2015,0.14
5/11/2015,0.15
5/12/2015,0.13
5/13/2015,0.13
5/14/2015,0.13
5/15/2015,0.13
5/16/2015,0.14
5/17/2015,0.14
5/18/2015,0.15
5/19/2015,0.14
5/20/2015,0.15
5/21/2015,0.14
5/22/2015,0.13
5/23/2015,0.14
5/24/2015,0.12
5/25/2015,0.11
5/26/2015,0.1
5/27/2015,0.08
5/28/2015,0.05
5/29/2015,0.04
5/30/2015,0.04
5/31/2015,0.03
6/1/2015,0.05
6/2/2015,0.05
6/3/2015,0.04
6/4/2015,0.03
6/5/2015,0.03
6/6/2015,0.04
6/7/2015,0.06
6/8/2015,0.06
6/9/2015,0.04
6/10/2015,0.04
6/11/2015,0.04
6/12/2015,0.04
6/13/2015,0.04
6/14/2015,0.05
6/15/2015,0.04
6/16/2015,0.04
6/17/2015,0.05
6/18/2015,0.07
6/19/2015,0.07
6/20/2015,0.06
6/21/2015,0.06
6/22/2015,0.07
6/23/2015,0.07
6/24/2015,0.08
6/25/2015,0.07
6/26/2015,0.09
6/27/2015,0.11
6/28/2015,0.12
6/29/2015,0.09
6/30/2015,0.05
7/1/2015,0.05
7/2/2015,0.05
7/3/2015,0.04
7/4/2015,0.03
7/5/2015,0.02
7/6/2015,0
7/7/2015,0
7/8/2015,-0.01
7/9/2015,-0.01
7/10/2015,-0.03
7/11/2015,-0.03
7/12/2015,-0.03
7/13/2015,-0.04
7/14/2015,-0.04
7/15/2015,-0.04
7/16/2015,-0.04
7/17/2015,-0.03
7/18/2015,0
7/19/2015,0
7/20/2015,0.01
7/21/2015,0
7/22/2015,0.02
7/23/2015,0.03
7/24/2015,0.04
7/25/2015,0.04
7/26/2015,0.04
7/27/2015,0.05
7/28/2015,0.06
7/29/2015,0.08
7/30/2015,0.09
7/31/2015,0.09
8/1/2015,0.09
8/2/2015,0.08
8/3/2015,0.07
8/4/2015,0.08
8/5/2015,0.1
8/6/2015,0.1
8/7/2015,0.12
8/8/2015,0.13
8/9/2015,0.13
8/10/2015,0.15
8/11/2015,0.15
8/12/2015,0.14
8/13/2015,0.13
8/14/2015,0.12
8/15/2015,0.1
8/16/2015,0.12
8/17/2015,0.12
8/18/2015,0.13
8/19/2015,0.11
8/20/2015,0.1
8/21/2015,0.08
8/22/2015,0.05
8/23/2015,0.06
8/24/2015,0.05
8/25/2015,0.01
8/26/2015,0
8/27/2015,0.02
8/28/2015,0.02
8/29/2015,0.05
8/30/2015,0.05
8/31/2015,0.05
9/1/2015,0.04
9/2/2015,0.04
9/3/2015,0.05
9/4/2015,0.05
9/5/2015,0.04
9/6/2015,0.05
9/7/2015,0.04
9/8/2015,0.05
9/9/2015,0.06
9/10/2015,0.05
9/11/2015,0.05
9/12/2015,0.04
9/13/2015,0.04
9/14/2015,0.04
9/15/2015,0.03
9/16/2015,0.03
9/17/2015,0.03
9/18/2015,0.02
9/19/2015,0.02
9/20/2015,0.04
9/21/2015,0.04
9/22/2015,0.05
9/23/2015,0.03
9/24/2015,0.02
9/25/2015,0.02
9/26/2015,0.01
9/27/2015,0.03
9/28/2015,0.05
9/29/2015,0.05
9/30/2015,0.06
10/1/2015,0.04
10/2/2015,0.03
10/3/2015,0.02
10/4/2015,0.03
10/5/2015,0.04
10/6/2015,0.04
10/7/2015,0.04
10/8/2015,0.03
10/9/2015,0.01
10/10/2015,0
10/11/2015,0
10/12/2015,0.01
10/13/2015,0.05
10/14/2015,0.03
10/15/2015,0.01
10/16/2015,0
10/17/2015,0.01
10/18/2015,0.02
10/19/2015,0.02
10/20/2015,0.02
10/21/2015,0.02
10/22/2015,0.02
10/23/2015,0.02
10/24/2015,0.02
10/25/2015,0.02
10/26/2015,0.01
10/27/2015,0.01
10/28/2015,0.01
10/29/2015,0.01
10/30/2015,0.01
10/31/2015,-0.01
11/1/2015,-0.02
11/2/2015,-0.01
11/3/2015,-0.01
11/4/2015,0
11/5/2015,0.01
11/6/2015,0
11/7/2015,0.03
11/8/2015,0.06
11/9/2015,0.08
11/10/2015,0.09
11/11/2015,0.09
11/12/2015,0.09
11/13/2015,0.11
11/14/2015,0.1
11/15/2015,0.11
11/16/2015,0.1
11/17/2015,0.1
11/18/2015,0.09
11/19/2015,0.07
11/20/2015,0.07
11/21/2015,0.08
11/22/2015,0.1
11/23/2015,0.11
11/24/2015,0.1
11/25/2015,0.09
11/26/2015,0.1
11/27/2015,0.11
11/28/2015,0.13
11/29/2015,0.16
11/30/2015,0.17
12/1/2015,0.14
12/2/2015,0.15
12/3/2015,0.14
12/4/2015,0.13
12/5/2015,0.15
12/6/2015,0.16
12/7/2015,0.18
12/8/2015,0.17
12/9/2015,0.15
12/10/2015,0.14
12/11/2015,0.14
12/12/2015,0.17
12/13/2015,0.17
12/14/2015,0.15
12/15/2015,0.16
12/16/2015,0.16
12/17/2015,0.16
12/18/2015,0.16
12/19/2015,0.14
12/20/2015,0.14
12/21/2015,0.13
12/22/2015,0.13
12/23/2015,0.13
12/24/2015,0.13
12/25/2015,0.14
12/26/2015,0.19
12/27/2015,0.19
12/28/2015,0.19
12/29/2015,0.22
12/30/2015,0.21
12/31/2015,0.19
1/1/2016,0.16
1/2/2016,0.19
1/3/2016,0.17
1/4/2016,0.18
1/5/2016,0.15
1/6/2016,0.14
1/7/2016,0.12
1/8/2016,0.12
1/9/2016,0.13
1/10/2016,0.14
1/11/2016,0.13
1/12/2016,0.11
1/13/2016,0.12
1/14/2016,0.11
1/15/2016,0.1
1/16/2016,0.07
1/17/2016,0.06
1/18/2016,0.06
1/19/2016,0.05
1/20/2016,0.03
1/21/2016,0.01
1/22/2016,0.01
1/23/2016,0
1/24/2016,0
1/25/2016,0
1/26/2016,0
1/27/2016,0
1/28/2016,0
1/29/2016,-0.01
1/30/2016,-0.01
1/31/2016,-0.01
2/1/2016,-0.02
2/2/2016,0
2/3/2016,0.01
2/4/2016,0
2/5/2016,-0.01
2/6/2016,-0.02
2/7/2016,-0.02
2/8/2016,-0.02
2/9/2016,-0.03
2/10/2016,-0.05
2/11/2016,-0.07
2/12/2016,-0.09
2/13/2016,-0.09
2/14/2016,-0.08
2/15/2016,-0.08
2/16/2016,-0.09
2/17/2016,-0.09
2/18/2016,-0.1
2/19/2016,-0.09
2/20/2016,-0.08
2/21/2016,-0.05
2/22/2016,-0.05
2/23/2016,-0.04
2/24/2016,-0.05
2/25/2016,-0.05
2/26/2016,-0.05
2/27/2016,-0.04
2/28/2016,-0.02
2/29/2016,-0.03
3/1/2016,-0.04
3/2/2016,-0.03
3/3/2016,-0.03
3/4/2016,-0.04
3/5/2016,-0.04
3/6/2016,-0.02
3/7/2016,-0.02
3/8/2016,-0.02
3/9/2016,-0.02
3/10/2016,-0.03
3/11/2016,-0.03
3/12/2016,-0.05
3/13/2016,-0.04
3/14/2016,-0.04
3/15/2016,-0.03
3/16/2016,-0.03
3/17/2016,-0.04
3/18/2016,-0.05
3/19/2016,-0.05
3/20/2016,-0.03
3/21/2016,-0.02
3/22/2016,-0.02
3/23/2016,-0.02
3/24/2016,-0.03
3/25/2016,-0.02
3/26/2016,0
3/27/2016,0
3/28/2016,0
3/29/2016,0.02
3/30/2016,0.02
3/31/2016,0.01
4/1/2016,0.02
4/2/2016,0.02
4/3/2016,0.01
4/4/2016,0.02
4/5/2016,0
4/6/2016,-0.01
4/7/2016,-0.03
4/8/2016,-0.03
4/9/2016,-0.02
4/10/2016,-0.01
4/11/2016,0
4/12/2016,0.01
4/13/2016,0
4/14/2016,-0.01
4/15/2016,-0.03
4/16/2016,-0.03
4/17/2016,-0.01
4/18/2016,-0.02
4/19/2016,-0.02
4/20/2016,-0.02
4/21/2016,-0.02
4/22/2016,-0.02
4/23/2016,0.01
4/24/2016,-0.01
4/25/2016,-0.01
4/26/2016,0
4/27/2016,-0.02
4/28/2016,-0.02
4/29/2016,-0.01
4/30/2016,-0.02
5/1/2016,-0.02
5/2/2016,-0.02
5/3/2016,-0.02
5/4/2016,-0.01
5/5/2016,-0.02
5/6/2016,0
5/7/2016,-0.01
5/8/2016,0.01
5/9/2016,0.01
5/10/2016,0
5/11/2016,0
5/12/2016,0.01
5/13/2016,0.01
5/14/2016,0.02
5/15/2016,0.01
5/16/2016,0.03
5/17/2016,0.04
5/18/2016,0.03
5/19/2016,0.04
5/20/2016,0.04
5/21/2016,0.07
5/22/2016,0.1
5/23/2016,0.09
5/24/2016,0.07
5/25/2016,0.07
5/26/2016,0.08
5/27/2016,0.09
5/28/2016,0.1
5/29/2016,0.1
5/30/2016,0.11
5/31/2016,0.12
6/1/2016,0.14
6/2/2016,0.14
6/3/2016,0.12
6/4/2016,0.1
6/5/2016,0.12
6/6/2016,0.12
6/7/2016,0.12
6/8/2016,0.13
6/9/2016,0.13
6/10/2016,0.11
6/11/2016,0.1
6/12/2016,0.11
6/13/2016,0.09
6/14/2016,0.09
6/15/2016,0.08
6/16/2016,0.06
6/17/2016,0.05
6/18/2016,0
6/19/2016,-0.02
6/20/2016,-0.04
6/21/2016,-0.04
6/22/2016,-0.04
6/23/2016,-0.04
6/24/2016,-0.05
6/25/2016,-0.05
6/26/2016,-0.06
6/27/2016,-0.07
6/28/2016,-0.07
6/29/2016,-0.07
6/30/2016,-0.08
7/1/2016,-0.08
7/2/2016,-0.07
7/3/2016,-0.05
7/4/2016,-0.05
7/5/2016,-0.06
7/6/2016,-0.07
7/7/2016,-0.07
7/8/2016,-0.06
7/9/2016,-0.04
7/10/2016,-0.03
7/11/2016,-0.03
7/12/2016,-0.05
7/13/2016,-0.05
7/14/2016,-0.05
7/15/2016,-0.03
7/16/2016,-0.02
7/17/2016,-0.03
7/18/2016,-0.02
7/19/2016,-0.04
7/20/2016,-0.02
7/21/2016,-0.02
7/22/2016,-0.01
7/23/2016,0.01
7/24/2016,0.01
7/25/2016,0.01
7/26/2016,0.02
7/27/2016,0.04
7/28/2016,0.03
7/29/2016,0.04
7/30/2016,0.05
7/31/2016,0.07
8/1/2016,0.07
8/2/2016,0.08
8/3/2016,0.08
8/4/2016,0.07
8/5/2016,0.08
8/6/2016,0.1
8/7/2016,0.09
8/8/2016,0.1
8/9/2016,0.1
8/10/2016,0.12
8/11/2016,0.11
8/12/2016,0.12
8/13/2016,0.14
8/14/2016,0.15
8/15/2016,0.13
8/16/2016,0.15
8/17/2016,0.15
8/18/2016,0.16
8/19/2016,0.17
8/20/2016,0.18
8/21/2016,0.19
8/22/2016,0.2
8/23/2016,0.19
8/24/2016,0.19
8/25/2016,0.17
8/26/2016,0.17
8/27/2016,0.18
8/28/2016,0.19
8/29/2016,0.18
8/30/2016,0.17
8/31/2016,0.16
9/1/2016,0.15
9/2/2016,0.14
9/3/2016,0.13
9/4/2016,0.15
9/5/2016,0.15
9/6/2016,0.15
9/7/2016,0.14
9/8/2016,0.13
9/9/2016,0.12
9/10/2016,0.13
9/11/2016,0.13
9/12/2016,0.12
9/13/2016,0.12
9/14/2016,0.13
9/15/2016,0.13
9/16/2016,0.13
9/17/2016,0.13
9/18/2016,0.13
9/19/2016,0.11
9/20/2016,0.1
9/21/2016,0.09
9/22/2016,0.09
9/23/2016,0.08
9/24/2016,0.09
9/25/2016,0.1
9/26/2016,0.08
9/27/2016,0.07
9/28/2016,0.07
9/29/2016,0.06
9/30/2016,0.06
10/1/2016,0.06
10/2/2016,0.07
10/3/2016,0.07
10/4/2016,0.06
10/5/2016,0.05
10/6/2016,0.05
10/7/2016,0.05
10/8/2016,0.05
10/9/2016,0.06
10/10/2016,0.07
10/11/2016,0.07
10/12/2016,0.07
10/13/2016,0.06
10/14/2016,0.06
10/15/2016,0.07
10/16/2016,0.06
10/17/2016,0.05
10/18/2016,0.05
10/19/2016,0.06
10/20/2016,0.06
10/21/2016,0.05
10/22/2016,0.07
10/23/2016,0.07
10/24/2016,0.08
10/25/2016,0.1
10/26/2016,0.1
10/27/2016,0.1
10/28/2016,0.09
10/29/2016,0.12
10/30/2016,0.12
10/31/2016,0.11
11/1/2016,0.1
11/2/2016,0.09
11/3/2016,0.08
11/4/2016,0.1
11/5/2016,0.12
11/6/2016,0.12
11/7/2016,0.12
11/8/2016,0.13
11/9/2016,0.14
11/10/2016,0.15
11/11/2016,0.16
11/12/2016,0.19
11/13/2016,0.21
11/14/2016,0.22
11/15/2016,0.23
11/16/2016,0.23
11/17/2016,0.23
11/18/2016,0.24
11/19/2016,0.26
11/20/2016,0.27
11/21/2016,0.27
11/22/2016,0.27
11/23/2016,0.28
11/24/2016,0.28
11/25/2016,0.27
11/26/2016,0.26
11/27/2016,0.29
11/28/2016,0.29
11/29/2016,0.28
11/30/2016,0.3
12/1/2016,0.3
12/2/2016,0.3
12/3/2016,0.31
12/4/2016,0.32
12/5/2016,0.32
12/6/2016,0.31
12/7/2016,0.31
12/8/2016,0.31
12/9/2016,0.31
12/10/2016,0.33
12/11/2016,0.33
12/12/2016,0.32
12/13/2016,0.31
12/14/2016,0.32
12/15/2016,0.32
12/16/2016,0.32
12/17/2016,0.31
12/18/2016,0.32
12/19/2016,0.28
12/20/2016,0.27
12/21/2016,0.25
12/22/2016,0.25
12/23/2016,0.27
12/24/2016,0.25
12/25/2016,0.23
12/26/2016,0.24
12/27/2016,0.25
12/28/2016,0.25
12/29/2016,0.26
12/30/2016,0.25
12/31/2016,0.25
1/1/2017,0.26
1/2/2017,0.26
1/3/2017,0.27
1/4/2017,0.28
1/5/2017,0.29
1/6/2017,0.31
1/7/2017,0.33
1/8/2017,0.32
1/9/2017,0.31
1/10/2017,0.3
1/11/2017,0.3
1/12/2017,0.28
1/13/2017,0.27
1/14/2017,0.3
1/15/2017,0.3
1/16/2017,0.31
1/17/2017,0.32
1/18/2017,0.33
1/19/2017,0.33
1/20/2017,0.32
1/21/2017,0.32
1/22/2017,0.32
1/23/2017,0.32
1/24/2017,0.32
1/25/2017,0.31
1/26/2017,0.3
1/27/2017,0.3
1/28/2017,0.31
1/29/2017,0.31
1/30/2017,0.3
1/31/2017,0.29
2/1/2017,0.28
2/2/2017,0.29
2/3/2017,0.29
2/4/2017,0.31
2/5/2017,0.32
2/6/2017,0.32
2/7/2017,0.32
2/8/2017,0.31
2/9/2017,0.31
2/10/2017,0.31
2/11/2017,0.3
2/12/2017,0.3
2/13/2017,0.3
2/14/2017,0.31
2/15/2017,0.31
2/16/2017,0.31
2/17/2017,0.3
2/18/2017,0.3
2/19/2017,0.33
2/20/2017,0.33
2/21/2017,0.32
2/22/2017,0.31
2/23/2017,0.31
2/24/2017,0.31
2/25/2017,0.32
2/26/2017,0.32
2/27/2017,0.33
2/28/2017,0.33
3/1/2017,0.33
3/2/2017,0.33
3/3/2017,0.33
3/4/2017,0.33
3/5/2017,0.34
3/6/2017,0.33
3/7/2017,0.32
3/8/2017,0.3
3/9/2017,0.29
3/10/2017,0.28
3/11/2017,0.3
3/12/2017,0.28
3/13/2017,0.28
3/14/2017,0.26
3/15/2017,0.26
3/16/2017,0.26
3/17/2017,0.26
3/18/2017,0.26
3/19/2017,0.26
3/20/2017,0.26
3/21/2017,0.25
3/22/2017,0.24
3/23/2017,0.23
3/24/2017,0.23
3/25/2017,0.22
3/26/2017,0.24
3/27/2017,0.24
3/28/2017,0.22
3/29/2017,0.23
3/30/2017,0.22
3/31/2017,0.22
4/1/2017,0.22
4/2/2017,0.23
4/3/2017,0.23
4/4/2017,0.22
4/5/2017,0.21
4/6/2017,0.2
4/7/2017,0.2
4/8/2017,0.19
4/9/2017,0.2
4/10/2017,0.2
4/11/2017,0.19
4/12/2017,0.17
4/13/2017,0.18
4/14/2017,0.2
4/15/2017,0.17
4/16/2017,0.18
4/17/2017,0.2
4/18/2017,0.19
4/19/2017,0.19
4/20/2017,0.19
4/21/2017,0.16
4/22/2017,0.16
4/23/2017,0.16
4/24/2017,0.16
4/25/2017,0.16
4/26/2017,0.17
4/27/2017,0.18
4/28/2017,0.18
4/29/2017,0.19
4/30/2017,0.2
5/1/2017,0.21
5/2/2017,0.22
5/3/2017,0.22
5/4/2017,0.21
5/5/2017,0.21
5/6/2017,0.21
5/7/2017,0.22
5/8/2017,0.23
5/9/2017,0.21
5/10/2017,0.23
5/11/2017,0.22
5/12/2017,0.23
5/13/2017,0.23
5/14/2017,0.23
5/15/2017,0.24
5/16/2017,0.24
5/17/2017,0.23
5/18/2017,0.22
5/19/2017,0.21
5/20/2017,0.2
5/21/2017,0.2
5/22/2017,0.2
5/23/2017,0.19
5/24/2017,0.19
5/25/2017,0.18
5/26/2017,0.17
5/27/2017,0.17
5/28/2017,0.19
5/29/2017,0.18
5/30/2017,0.18
5/31/2017,0.18
6/1/2017,0.18
6/2/2017,0.17
6/3/2017,0.16
6/4/2017,0.15
6/5/2017,0.14
6/6/2017,0.14
6/7/2017,0.13
6/8/2017,0.11
6/9/2017,0.1
6/10/2017,0.08
6/11/2017,0.09
6/12/2017,0.1
6/13/2017,0.09
6/14/2017,0.1
6/15/2017,0.09
6/16/2017,0.1
6/17/2017,0.11
6/18/2017,0.11
6/19/2017,0.11
6/20/2017,0.11
6/21/2017,0.12
6/22/2017,0.11
6/23/2017,0.1
6/24/2017,0.08
6/25/2017,0.09
6/26/2017,0.09
6/27/2017,0.08
6/28/2017,0.08
6/29/2017,0.07
6/30/2017,0.06
7/1/2017,0.04
7/2/2017,0.03
7/3/2017,0.04
7/4/2017,0.04
7/5/2017,0.03
7/6/2017,0.03
7/7/2017,0.04
7/8/2017,0.04
7/9/2017,0.04
7/10/2017,0.05
7/11/2017,0.05
7/12/2017,0.05
7/13/2017,0.06
7/14/2017,0.07
7/15/2017,0.08
7/16/2017,0.08
7/17/2017,0.08
7/18/2017,0.09
7/19/2017,0.1
7/20/2017,0.1
7/21/2017,0.1
7/22/2017,0.09
7/23/2017,0.1
7/24/2017,0.1
7/25/2017,0.1
7/26/2017,0.12
7/27/2017,0.12
7/28/2017,0.13
7/29/2017,0.15
7/30/2017,0.15
7/31/2017,0.15
8/1/2017,0.16
8/2/2017,0.15
8/3/2017,0.16
8/4/2017,0.16
8/5/2017,0.18
8/6/2017,0.18
8/7/2017,0.19
8/8/2017,0.17
8/9/2017,0.19
8/10/2017,0.18
8/11/2017,0.16
8/12/2017,0.13
8/13/2017,0.12
8/14/2017,0.14
8/15/2017,0.14
8/16/2017,0.14
8/17/2017,0.14
8/18/2017,0.14
8/19/2017,0.14
8/20/2017,0.15
8/21/2017,0.16
8/22/2017,0.15
8/23/2017,0.13
8/24/2017,0.1
8/25/2017,0.08
8/26/2017,0.07
8/27/2017,0.09
8/28/2017,0.1
8/29/2017,0.1
8/30/2017,0.12
8/31/2017,0.14
9/1/2017,0.15
9/2/2017,0.13
9/3/2017,0.11
9/4/2017,0.08
9/5/2017,0.07
9/6/2017,0.06
9/7/2017,0.04
9/8/2017,0.03
9/9/2017,0.02
9/10/2017,0.03
9/11/2017,0.02
9/12/2017,0.02
9/13/2017,0.02
9/14/2017,0.03
9/15/2017,0.02
9/16/2017,0.02
9/17/2017,0.02
9/18/2017,0.03
9/19/2017,0.04
9/20/2017,0.04
9/21/2017,0.05
9/22/2017,0.04
9/23/2017,0.04
9/24/2017,0.06
9/25/2017,0.05
9/26/2017,0.05
9/27/2017,0.06
9/28/2017,0.07
9/29/2017,0.1
9/30/2017,0.12
10/1/2017,0.14
10/2/2017,0.15
10/3/2017,0.15
10/4/2017,0.15
10/5/2017,0.15
10/6/2017,0.15
10/7/2017,0.13
10/8/2017,0.11
10/9/2017,0.11
10/10/2017,0.1
10/11/2017,0.11
10/12/2017,0.11
10/13/2017,0.12
10/14/2017,0.1
10/15/2017,0.11
10/16/2017,0.14
10/17/2017,0.15
10/18/2017,0.17
10/19/2017,0.17
10/20/2017,0.17
10/21/2017,0.15
10/22/2017,0.15
10/23/2017,0.17
10/24/2017,0.17
10/25/2017,0.18
10/26/2017,0.18
10/27/2017,0.2
10/28/2017,0.22
10/29/2017,0.23
10/30/2017,0.24
10/31/2017,0.25
11/1/2017,0.25
11/2/2017,0.25
11/3/2017,0.26
11/4/2017,0.26
11/5/2017,0.27
11/6/2017,0.28
11/7/2017,0.29
11/8/2017,0.3
11/9/2017,0.3
11/10/2017,0.29
11/11/2017,0.29
11/12/2017,0.3
11/13/2017,0.3
11/14/2017,0.3
11/15/2017,0.3
11/16/2017,0.29
11/17/2017,0.28
11/18/2017,0.27
11/19/2017,0.27
11/20/2017,0.29
11/21/2017,0.29
11/22/2017,0.27
11/23/2017,0.24
11/24/2017,0.24
11/25/2017,0.2
11/26/2017,0.2
11/27/2017,0.2
11/28/2017,0.21
11/29/2017,0.21
11/30/2017,0.21
12/1/2017,0.21
12/2/2017,0.2
12/3/2017,0.2
12/4/2017,0.2
12/5/2017,0.21
12/6/2017,0.21
12/7/2017,0.2
12/8/2017,0.22
12/9/2017,0.23
12/10/2017,0.25
12/11/2017,0.25
12/12/2017,0.27
12/13/2017,0.26
12/14/2017,0.26
12/15/2017,0.27
12/16/2017,0.28
12/17/2017,0.29
12/18/2017,0.29
12/19/2017,0.28
12/20/2017,0.28
12/21/2017,0.28
12/22/2017,0.28
12/23/2017,0.29
12/24/2017,0.29
12/25/2017,0.31
12/26/2017,0.31
12/27/2017,0.31
12/28/2017,0.3
12/29/2017,0.29
12/30/2017,0.27
12/31/2017,0.29
1/1/2018,0.27
1/2/2018,0.26
1/3/2018,0.28
1/4/2018,0.25
1/5/2018,0.25
1/6/2018,0.27
1/7/2018,0.27
1/8/2018,0.29
1/9/2018,0.29
1/10/2018,0.3
1/11/2018,0.29
1/12/2018,0.3
1/13/2018,0.29
1/14/2018,0.29
1/15/2018,0.25
1/16/2018,0.24
1/17/2018,0.24
1/18/2018,0.24
1/19/2018,0.24
1/20/2018,0.22
1/21/2018,0.19
1/22/2018,0.18
1/23/2018,0.18
1/24/2018,0.18
1/25/2018,0.19
1/26/2018,0.21
1/27/2018,0.21
1/28/2018,0.21
1/29/2018,0.2
1/30/2018,0.21
1/31/2018,0.23
2/1/2018,0.23
2/2/2018,0.23
2/3/2018,0.23
2/4/2018,0.24
2/5/2018,0.25
2/6/2018,0.23
2/7/2018,0.21
2/8/2018,0.19
2/9/2018,0.17
2/10/2018,0.17
2/11/2018,0.16
2/12/2018,0.16
2/13/2018,0.17
2/14/2018,0.17
2/15/2018,0.17
2/16/2018,0.17
2/17/2018,0.16
2/18/2018,0.15
2/19/2018,0.13
2/20/2018,0.14
2/21/2018,0.14
2/22/2018,0.13
2/23/2018,0.14
2/24/2018,0.14
2/25/2018,0.14
2/26/2018,0.16
2/27/2018,0.17
2/28/2018,0.19
3/1/2018,0.18
3/2/2018,0.17
3/3/2018,0.15
3/4/2018,0.14
3/5/2018,0.13
3/6/2018,0.12
3/7/2018,0.11
3/8/2018,0.11
3/9/2018,0.1
3/10/2018,0.12
3/11/2018,0.12
3/12/2018,0.13
3/13/2018,0.13
3/14/2018,0.14
3/15/2018,0.14
3/16/2018,0.14
3/17/2018,0.15
3/18/2018,0.16
3/19/2018,0.15
3/20/2018,0.15
3/21/2018,0.13
3/22/2018,0.13
3/23/2018,0.11
3/24/2018,0.09
3/25/2018,0.09
3/26/2018,0.09
3/27/2018,0.08
3/28/2018,0.08
3/29/2018,0.09
3/30/2018,0.09
3/31/2018,0.08
4/1/2018,0.08
4/2/2018,0.05
4/3/2018,0.06
4/4/2018,0.05
4/5/2018,0.03
4/6/2018,0.01
4/7/2018,-0.01
4/8/2018,0.01
4/9/2018,0
4/10/2018,-0.02
4/11/2018,-0.02
4/12/2018,-0.01
4/13/2018,-0.01
4/14/2018,0
4/15/2018,0.02
4/16/2018,0.01
4/17/2018,0.02
4/18/2018,0.01
4/19/2018,0.01
4/20/2018,0.01
4/21/2018,0.02
4/22/2018,0
4/23/2018,0.01
4/24/2018,0.02
4/25/2018,0.02
4/26/2018,0.01
4/27/2018,0.03
4/28/2018,0.04
4/29/2018,0.06
4/30/2018,0.06
5/1/2018,0.05
5/2/2018,0.05
5/3/2018,0.05
5/4/2018,0.05
5/5/2018,0.06
5/6/2018,0.06
5/7/2018,0.06
5/8/2018,0.07
5/9/2018,0.07
5/10/2018,0.05
5/11/2018,0.05
5/12/2018,0.05
5/13/2018,0.06
5/14/2018,0.06
5/15/2018,0.06
5/16/2018,0.05
5/17/2018,0.05
5/18/2018,0.05
5/19/2018,0.05
5/20/2018,0.05
5/21/2018,0.06
5/22/2018,0.04
5/23/2018,0.03
5/24/2018,0.02
5/25/2018,0.02
5/26/2018,0.02
5/27/2018,0.04
5/28/2018,0.04
5/29/2018,0.02
5/30/2018,0
5/31/2018,-0.01
6/1/2018,-0.03
6/2/2018,-0.03
6/3/2018,-0.04
6/4/2018,-0.05
6/5/2018,-0.06
6/6/2018,-0.06
6/7/2018,-0.06
6/8/2018,-0.05
6/9/2018,-0.04
6/10/2018,-0.04
6/11/2018,-0.05
6/12/2018,-0.05
6/13/2018,-0.04
6/14/2018,-0.03
6/15/2018,-0.03
6/16/2018,-0.03
6/17/2018,-0.03
6/18/2018,-0.04
6/19/2018,-0.06
6/20/2018,-0.08
6/21/2018,-0.09
6/22/2018,-0.09
6/23/2018,-0.09
6/24/2018,-0.1
6/25/2018,-0.11
6/26/2018,-0.13
6/27/2018,-0.14
6/28/2018,-0.14
6/29/2018,-0.13
6/30/2018,-0.14
7/1/2018,-0.13
7/2/2018,-0.13
7/3/2018,-0.13
7/4/2018,-0.14
7/5/2018,-0.15
7/6/2018,-0.15
7/7/2018,-0.17
7/8/2018,-0.17
7/9/2018,-0.15
7/10/2018,-0.14
7/11/2018,-0.14
7/12/2018,-0.15
7/13/2018,-0.14
7/14/2018,-0.14
7/15/2018,-0.13
7/16/2018,-0.12
7/17/2018,-0.12
7/18/2018,-0.12
7/19/2018,-0.13
7/20/2018,-0.13
7/21/2018,-0.12
7/22/2018,-0.12
7/23/2018,-0.11
7/24/2018,-0.1
7/25/2018,-0.1
7/26/2018,-0.09
7/27/2018,-0.07
7/28/2018,-0.03
7/29/2018,-0.03
7/30/2018,-0.04
7/31/2018,-0.02
8/1/2018,-0.01
8/2/2018,0
8/3/2018,0.01
8/4/2018,0
8/5/2018,-0.01
8/6/2018,-0.02
8/7/2018,-0.03
8/8/2018,-0.03
8/9/2018,-0.03
8/10/2018,-0.01
8/11/2018,-0.03
8/12/2018,-0.02
8/13/2018,-0.03
8/14/2018,-0.05
8/15/2018,-0.08
8/16/2018,-0.08
8/17/2018,-0.09
8/18/2018,-0.09
8/19/2018,-0.07
8/20/2018,-0.07
8/21/2018,-0.05
8/22/2018,-0.04
8/23/2018,-0.04
8/24/2018,-0.03
8/25/2018,-0.03
8/26/2018,-0.05
8/27/2018,-0.04
8/28/2018,-0.02
8/29/2018,0
8/30/2018,0.01
8/31/2018,0.02
9/1/2018,0.04
9/2/2018,0.04
9/3/2018,0.03
9/4/2018,0.02
9/5/2018,0.02
9/6/2018,0.03
9/7/2018,0.04
9/8/2018,0.04
9/9/2018,0.04
9/10/2018,0.03
9/11/2018,0.02
9/12/2018,0.02
9/13/2018,0.01
9/14/2018,0
9/15/2018,-0.01
9/16/2018,-0.03
9/17/2018,-0.01
9/18/2018,-0.01
9/19/2018,-0.02
9/20/2018,-0.02
9/21/2018,-0.03
9/22/2018,-0.03
9/23/2018,-0.02
9/24/2018,-0.02
9/25/2018,-0.02
9/26/2018,-0.02
9/27/2018,0
9/28/2018,0
9/29/2018,0.02
9/30/2018,0.03
10/1/2018,0.06
10/2/2018,0.08
10/3/2018,0.1
10/4/2018,0.1
10/5/2018,0.09
10/6/2018,0.09
10/7/2018,0.1
10/8/2018,0.11
10/9/2018,0.09
10/10/2018,0.1
10/11/2018,0.09
10/12/2018,0.08
10/13/2018,0.07
10/14/2018,0.07
10/15/2018,0.05
10/16/2018,0.05
10/17/2018,0.04
10/18/2018,0.02
10/19/2018,-0.01
10/20/2018,0.01
10/21/2018,0
10/22/2018,0
10/23/2018,0
10/24/2018,0.01
10/25/2018,-0.01
10/26/2018,0
10/27/2018,0.01
10/28/2018,0.02
10/29/2018,0.03
10/30/2018,0.02
10/31/2018,0.03
11/1/2018,0.04
11/2/2018,0.04
11/3/2018,0.05
11/4/2018,0.04
11/5/2018,0.05
11/6/2018,0.04
11/7/2018,0.03
11/8/2018,0.03
11/9/2018,0.04
11/10/2018,0.04
11/11/2018,0.03
11/12/2018,0.04
11/13/2018,0.05
11/14/2018,0.07
11/15/2018,0.07
11/16/2018,0.06
11/17/2018,0.07
11/18/2018,0.06
11/19/2018,0.05
11/20/2018,0.07
11/21/2018,0.04
11/22/2018,0.05
11/23/2018,0.04
11/24/2018,0.05
11/25/2018,0.08
11/26/2018,0.09
11/27/2018,0.08
11/28/2018,0.09
11/29/2018,0.08
11/30/2018,0.08
12/1/2018,0.09
12/2/2018,0.09
12/3/2018,0.09
12/4/2018,0.09
12/5/2018,0.09
12/6/2018,0.08
12/7/2018,0.06
12/8/2018,0.05
12/9/2018,0.07
12/10/2018,0.06
12/11/2018,0.03
12/12/2018,0.02
12/13/2018,0.01
12/14/2018,0.01
12/15/2018,0.01
12/16/2018,0.01
12/17/2018,0
12/18/2018,-0.01
12/19/2018,-0.01
12/20/2018,-0.03
12/21/2018,-0.04
12/22/2018,-0.04
12/23/2018,-0.04
12/24/2018,-0.03
12/25/2018,-0.06
12/26/2018,-0.07
12/27/2018,-0.07
12/28/2018,-0.07
12/29/2018,-0.07
12/30/2018,-0.06
12/31/2018,-0.06
1/1/2019,-0.07
1/2/2019,-0.08
1/3/2019,-0.09
1/4/2019,-0.09
1/5/2019,-0.09
1/6/2019,-0.08
1/7/2019,-0.07
1/8/2019,-0.07
1/9/2019,-0.07
1/10/2019,-0.08
1/11/2019,-0.09
1/12/2019,-0.1
1/13/2019,-0.08
1/14/2019,-0.1
1/15/2019,-0.1
1/16/2019,-0.09
1/17/2019,-0.1
1/18/2019,-0.09
1/19/2019,-0.08
1/20/2019,-0.07
1/21/2019,-0.07
1/22/2019,-0.09
1/23/2019,-0.11
1/24/2019,-0.11
1/25/2019,-0.11
1/26/2019,-0.09
1/27/2019,-0.08
1/28/2019,-0.09
1/29/2019,-0.11
1/30/2019,-0.11
1/31/2019,-0.11
2/1/2019,-0.09
2/2/2019,-0.08
2/3/2019,-0.06
2/4/2019,-0.05
2/5/2019,-0.04
2/6/2019,-0.03
2/7/2019,-0.03
2/8/2019,-0.03
2/9/2019,-0.02
2/10/2019,0
2/11/2019,-0.01
2/12/2019,-0.02
2/13/2019,-0.01
2/14/2019,-0.02
2/15/2019,-0.02
2/16/2019,-0.02
2/17/2019,0
2/18/2019,0
2/19/2019,0.01
2/20/2019,0.02
2/21/2019,0.03
2/22/2019,0.04
2/23/2019,0.04
2/24/2019,0.06
2/25/2019,0.05
2/26/2019,0.05
2/27/2019,0.06
2/28/2019,0.06
3/1/2019,0.07
3/2/2019,0.09
3/3/2019,0.1
3/4/2019,0.12
3/5/2019,0.13
3/6/2019,0.13
3/7/2019,0.12
3/8/2019,0.12
3/9/2019,0.11
3/10/2019,0.1
3/11/2019,0.1
3/12/2019,0.1
3/13/2019,0.1
3/14/2019,0.1
3/15/2019,0.1
3/16/2019,0.13
3/17/2019,0.12
3/18/2019,0.13
3/19/2019,0.14
3/20/2019,0.15
3/21/2019,0.15
3/22/2019,0.13
3/23/2019,0.11
3/24/2019,0.11
3/25/2019,0.1
3/26/2019,0.09
3/27/2019,0.08
3/28/2019,0.07
3/29/2019,0.06
3/30/2019,0.04
3/31/2019,0.04
4/1/2019,0.03
4/2/2019,0.03
4/3/2019,0.03
4/4/2019,0.05
4/5/2019,0.06
4/6/2019,0.08
4/7/2019,0.08
4/8/2019,0.09
4/9/2019,0.08
4/10/2019,0.07
4/11/2019,0.06
4/12/2019,0.07
4/13/2019,0.08
4/14/2019,0.09
4/15/2019,0.11
4/16/2019,0.11
4/17/2019,0.11
4/18/2019,0.12
4/19/2019,0.14
4/20/2019,0.14
4/21/2019,0.14
4/22/2019,0.14
4/23/2019,0.15
4/24/2019,0.16
4/25/2019,0.15
4/26/2019,0.15
4/27/2019,0.16
4/28/2019,0.18
4/29/2019,0.19
4/30/2019,0.2
5/1/2019,0.19
5/2/2019,0.18
5/3/2019,0.19
5/4/2019,0.22
5/5/2019,0.23
5/6/2019,0.22
5/7/2019,0.19
5/8/2019,0.17
5/9/2019,0.16
5/10/2019,0.14
5/11/2019,0.12
5/12/2019,0.11
5/13/2019,0.08
5/14/2019,0.06
5/15/2019,0.06
5/16/2019,0.05
5/17/2019,0.04
5/18/2019,0.04
5/19/2019,0.07
5/20/2019,0.06
5/21/2019,0.04
5/22/2019,0.03
5/23/2019,0.01
5/24/2019,-0.01
5/25/2019,-0.01
5/26/2019,0
5/27/2019,0.01
5/28/2019,0
5/29/2019,-0.01
5/30/2019,-0.03
5/31/2019,-0.05
6/1/2019,-0.09
6/2/2019,-0.11
6/3/2019,-0.12
6/4/2019,-0.14
6/5/2019,-0.17
6/6/2019,-0.18
6/7/2019,-0.19
6/8/2019,-0.21
6/9/2019,-0.22
6/10/2019,-0.22
6/11/2019,-0.22
6/12/2019,-0.21
6/13/2019,-0.21
6/14/2019,-0.21
6/15/2019,-0.19
6/16/2019,-0.2
6/17/2019,-0.19
6/18/2019,-0.19
6/19/2019,-0.17
6/20/2019,-0.16
6/21/2019,-0.17
6/22/2019,-0.18
6/23/2019,-0.18
6/24/2019,-0.18
6/25/2019,-0.18
6/26/2019,-0.18
6/27/2019,-0.18
6/28/2019,-0.16
6/29/2019,-0.14
6/30/2019,-0.15
7/1/2019,-0.16
7/2/2019,-0.16
7/3/2019,-0.15
7/4/2019,-0.15
7/5/2019,-0.14
7/6/2019,-0.15
7/7/2019,-0.13
7/8/2019,-0.14
7/9/2019,-0.14
7/10/2019,-0.13
7/11/2019,-0.12
7/12/2019,-0.12
7/13/2019,-0.11
7/14/2019,-0.11
7/15/2019,-0.1
7/16/2019,-0.11
7/17/2019,-0.1
7/18/2019,-0.09
7/19/2019,-0.09
7/20/2019,-0.07
7/21/2019,-0.05
7/22/2019,-0.04
7/23/2019,-0.03
7/24/2019,-0.04
7/25/2019,-0.07
7/26/2019,-0.07
7/27/2019,-0.06
7/28/2019,-0.04
7/29/2019,-0.04
7/30/2019,-0.04
7/31/2019,-0.04
8/1/2019,-0.06
8/2/2019,-0.07
8/3/2019,-0.08
8/4/2019,-0.06
8/5/2019,-0.07
8/6/2019,-0.11
8/7/2019,-0.14
8/8/2019,-0.15
8/9/2019,-0.19
8/10/2019,-0.19
8/11/2019,-0.17
8/12/2019,-0.19
8/13/2019,-0.2
8/14/2019,-0.22
8/15/2019,-0.25
8/16/2019,-0.26
8/17/2019,-0.28
8/18/2019,-0.29
8/19/2019,-0.28
8/20/2019,-0.29
8/21/2019,-0.29
8/22/2019,-0.29
8/23/2019,-0.29
8/24/2019,-0.31
8/25/2019,-0.31
8/26/2019,-0.3
8/27/2019,-0.28
8/28/2019,-0.25
8/29/2019,-0.21
8/30/2019,-0.2
8/31/2019,-0.2
9/1/2019,-0.18
9/2/2019,-0.17
9/3/2019,-0.19
9/4/2019,-0.19
9/5/2019,-0.19
9/6/2019,-0.19
9/7/2019,-0.19
9/8/2019,-0.2
9/9/2019,-0.2
9/10/2019,-0.2
9/11/2019,-0.2
9/12/2019,-0.18
9/13/2019,-0.17
9/14/2019,-0.17
9/15/2019,-0.16
9/16/2019,-0.18
9/17/2019,-0.19
9/18/2019,-0.18
9/19/2019,-0.2
9/20/2019,-0.19
9/21/2019,-0.2
9/22/2019,-0.19
9/23/2019,-0.18
9/24/2019,-0.16
9/25/2019,-0.15
9/26/2019,-0.14
9/27/2019,-0.14
9/28/2019,-0.16
9/29/2019,-0.15
9/30/2019,-0.15
10/1/2019,-0.16
10/2/2019,-0.19
10/3/2019,-0.2
10/4/2019,-0.2
10/5/2019,-0.2
10/6/2019,-0.22
10/7/2019,-0.23
10/8/2019,-0.25
10/9/2019,-0.25
10/10/2019,-0.26
10/11/2019,-0.24
10/12/2019,-0.21
10/13/2019,-0.2
10/14/2019,-0.19
10/15/2019,-0.19
10/16/2019,-0.18
10/17/2019,-0.19
10/18/2019,-0.19
10/19/2019,-0.19
10/20/2019,-0.19
10/21/2019,-0.18
10/22/2019,-0.18
10/23/2019,-0.17
10/24/2019,-0.16
10/25/2019,-0.18
10/26/2019,-0.2
10/27/2019,-0.18
10/28/2019,-0.17
10/29/2019,-0.17
10/30/2019,-0.16
10/31/2019,-0.16
11/1/2019,-0.14
11/2/2019,-0.13
11/3/2019,-0.14
11/4/2019,-0.13
11/5/2019,-0.1
11/6/2019,-0.09
11/7/2019,-0.09
11/8/2019,-0.07
11/9/2019,-0.07
11/10/2019,-0.04
11/11/2019,-0.03
11/12/2019,-0.02
11/13/2019,-0.02
11/14/2019,-0.01
11/15/2019,0.01
11/16/2019,0.02
11/17/2019,0.02
11/18/2019,-0.02
11/19/2019,-0.02
11/20/2019,-0.03
11/21/2019,-0.03
11/22/2019,-0.03
11/23/2019,-0.02
11/24/2019,-0.04
11/25/2019,-0.03
11/26/2019,-0.03
11/27/2019,-0.03
11/28/2019,-0.03
11/29/2019,-0.04
11/30/2019,-0.02
12/1/2019,-0.01
12/2/2019,0
12/3/2019,0
12/4/2019,0
12/5/2019,0
12/6/2019,0.01
12/7/2019,0.02
12/8/2019,0.03
12/9/2019,0.02
12/10/2019,0.03
12/11/2019,0.06
12/12/2019,0.06
12/13/2019,0.07
12/14/2019,0.08
12/15/2019,0.1
12/16/2019,0.1
12/17/2019,0.09
12/18/2019,0.11
12/19/2019,0.11
12/20/2019,0.14
12/21/2019,0.14
12/22/2019,0.12
12/23/2019,0.13
12/24/2019,0.15
12/25/2019,0.16
12/26/2019,0.16
12/27/2019,0.18
12/28/2019,0.2
12/29/2019,0.2
12/30/2019,0.18
12/31/2019,0.19
1/1/2020,0.18
1/2/2020,0.17
1/3/2020,0.18
1/4/2020,0.17
1/5/2020,0.15
1/6/2020,0.15
1/7/2020,0.13
1/8/2020,0.12
1/9/2020,0.12
1/10/2020,0.14
1/11/2020,0.13
1/12/2020,0.15
1/13/2020,0.15
1/14/2020,0.14
1/15/2020,0.14
1/16/2020,0.15
1/17/2020,0.15
1/18/2020,0.13
1/19/2020,0.15
1/20/2020,0.13
1/21/2020,0.12
1/22/2020,0.12
1/23/2020,0.1
1/24/2020,0.08
1/25/2020,0.09
1/26/2020,0.1
1/27/2020,0.1
1/28/2020,0.1
1/29/2020,0.09
1/30/2020,0.08
1/31/2020,0.07
2/1/2020,0.05
2/2/2020,0.05
2/3/2020,0.03
2/4/2020,0.01
2/5/2020,0.04
2/6/2020,0.03
2/7/2020,0.02
2/8/2020,0.03
2/9/2020,0.04
2/10/2020,0.05
2/11/2020,0.05
2/12/2020,0.04
2/13/2020,0.05
2/14/2020,0.05
2/15/2020,0.05
2/16/2020,0.05
2/17/2020,0.05
2/18/2020,0.03
2/19/2020,0.03
2/20/2020,0.01
2/21/2020,-0.01
2/22/2020,-0.01
2/23/2020,-0.01
2/24/2020,0
2/25/2020,-0.01
2/26/2020,-0.01
2/27/2020,-0.02
2/28/2020,-0.08
2/29/2020,-0.12
3/1/2020,-0.17
3/2/2020,-0.17
3/3/2020,-0.2
3/4/2020,-0.24
3/5/2020,-0.23
3/6/2020,-0.25
3/7/2020,-0.26
3/8/2020,-0.24
3/9/2020,-0.26
3/10/2020,-0.3
3/11/2020,-0.3
3/12/2020,-0.33
3/13/2020,-0.35
3/14/2020,-0.36
3/15/2020,-0.37
3/16/2020,-0.38
3/17/2020,-0.41
3/18/2020,-0.42
3/19/2020,-0.43
3/20/2020,-0.45
3/21/2020,-0.47
3/22/2020,-0.49
3/23/2020,-0.51
3/24/2020,-0.52
3/25/2020,-0.51
3/26/2020,-0.52
3/27/2020,-0.54
3/28/2020,-0.54
3/29/2020,-0.54
3/30/2020,-0.56
3/31/2020,-0.55
4/1/2020,-0.56
4/2/2020,-0.57
4/3/2020,-0.59
4/4/2020,-0.62
4/5/2020,-0.61
4/6/2020,-0.61
4/7/2020,-0.61
4/8/2020,-0.6
4/9/2020,-0.6
4/10/2020,-0.6
4/11/2020,-0.59
4/12/2020,-0.58
4/13/2020,-0.57
4/14/2020,-0.56
4/15/2020,-0.58
4/16/2020,-0.58
4/17/2020,-0.59
4/18/2020,-0.58
4/19/2020,-0.6
4/20/2020,-0.62
4/21/2020,-0.62
4/22/2020,-0.62
4/23/2020,-0.63
4/24/2020,-0.65
4/25/2020,-0.64
4/26/2020,-0.64
4/27/2020,-0.64
4/28/2020,-0.62
4/29/2020,-0.61
4/30/2020,-0.61
5/1/2020,-0.61
5/2/2020,-0.61
5/3/2020,-0.62
5/4/2020,-0.62
5/5/2020,-0.61
5/6/2020,-0.61
5/7/2020,-0.62
5/8/2020,-0.64
5/9/2020,-0.64
5/10/2020,-0.66
5/11/2020,-0.65
5/12/2020,-0.66
5/13/2020,-0.65
5/14/2020,-0.65
5/15/2020,-0.67
5/16/2020,-0.66
5/17/2020,-0.65
5/18/2020,-0.64
5/19/2020,-0.64
5/20/2020,-0.64
5/21/2020,-0.62
5/22/2020,-0.65
5/23/2020,-0.66
5/24/2020,-0.63
5/25/2020,-0.63
5/26/2020,-0.62
5/27/2020,-0.6
5/28/2020,-0.6
5/29/2020,-0.62
5/30/2020,-0.61
5/31/2020,-0.6
6/1/2020,-0.58
6/2/2020,-0.6
6/3/2020,-0.61
6/4/2020,-0.61
6/5/2020,-0.62
6/6/2020,-0.62
6/7/2020,-0.61
6/8/2020,-0.61
6/9/2020,-0.62
6/10/2020,-0.61
6/11/2020,-0.6
6/12/2020,-0.62
6/13/2020,-0.62
6/14/2020,-0.62
6/15/2020,-0.63
6/16/2020,-0.62
6/17/2020,-0.61
6/18/2020,-0.62
6/19/2020,-0.61
6/20/2020,-0.61
6/21/2020,-0.59
6/22/2020,-0.59
6/23/2020,-0.56
6/24/2020,-0.56
6/25/2020,-0.57
6/26/2020,-0.58
6/27/2020,-0.58
6/28/2020,-0.56
6/29/2020,-0.55
6/30/2020,-0.54
7/1/2020,-0.52
7/2/2020,-0.52
7/3/2020,-0.54
7/4/2020,-0.53
7/5/2020,-0.51
7/6/2020,-0.5
7/7/2020,-0.49
7/8/2020,-0.48
7/9/2020,-0.46
7/10/2020,-0.47
7/11/2020,-0.47
7/12/2020,-0.47
7/13/2020,-0.46
7/14/2020,-0.48
7/15/2020,-0.46
7/16/2020,-0.47
7/17/2020,-0.47
7/18/2020,-0.46
7/19/2020,-0.44
7/20/2020,-0.45
7/21/2020,-0.45
7/22/2020,-0.43
7/23/2020,-0.43
7/24/2020,-0.45
7/25/2020,-0.46
7/26/2020,-0.45
7/27/2020,-0.42
7/28/2020,-0.42
7/29/2020,-0.41
7/30/2020,-0.42
7/31/2020,-0.44
8/1/2020,-0.42
8/2/2020,-0.42
8/3/2020,-0.42
8/4/2020,-0.41
8/5/2020,-0.4
8/6/2020,-0.41
8/7/2020,-0.41
8/8/2020,-0.42
8/9/2020,-0.41
8/10/2020,-0.41
8/11/2020,-0.41
8/12/2020,-0.39
8/13/2020,-0.39
8/14/2020,-0.4
8/15/2020,-0.39
8/16/2020,-0.37
8/17/2020,-0.35
8/18/2020,-0.34
8/19/2020,-0.32
8/20/2020,-0.34
8/21/2020,-0.36
8/22/2020,-0.36
8/23/2020,-0.35
8/24/2020,-0.35
8/25/2020,-0.33
8/26/2020,-0.32
8/27/2020,-0.32
8/28/2020,-0.33
8/29/2020,-0.33
8/30/2020,-0.33
8/31/2020,-0.34
9/1/2020,-0.32
9/2/2020,-0.33
9/3/2020,-0.32
9/4/2020,-0.32
9/5/2020,-0.32
9/6/2020,-0.3
9/7/2020,-0.31
9/8/2020,-0.31
9/9/2020,-0.3
9/10/2020,-0.29
9/11/2020,-0.29
9/12/2020,-0.29
9/13/2020,-0.27
9/14/2020,-0.28
9/15/2020,-0.28
9/16/2020,-0.28
9/17/2020,-0.26
9/18/2020,-0.28
9/19/2020,-0.27
9/20/2020,-0.27
9/21/2020,-0.27
9/22/2020,-0.26
9/23/2020,-0.25
9/24/2020,-0.25
9/25/2020,-0.26
9/26/2020,-0.23
9/27/2020,-0.24
9/28/2020,-0.22
9/29/2020,-0.2
9/30/2020,-0.19
10/1/2020,-0.19
10/2/2020,-0.21
10/3/2020,-0.25
10/4/2020,-0.24
10/5/2020,-0.22
10/6/2020,-0.22
10/7/2020,-0.22
10/8/2020,-0.24
10/9/2020,-0.26
10/10/2020,-0.25
10/11/2020,-0.22
10/12/2020,-0.2
10/13/2020,-0.21
10/14/2020,-0.19
10/15/2020,-0.2
10/16/2020,-0.21
10/17/2020,-0.22
10/18/2020,-0.19
10/19/2020,-0.19
10/20/2020,-0.18
10/21/2020,-0.16
10/22/2020,-0.16
10/23/2020,-0.17
10/24/2020,-0.16
10/25/2020,-0.17
10/26/2020,-0.14
10/27/2020,-0.13
10/28/2020,-0.13
10/29/2020,-0.14
10/30/2020,-0.13
10/31/2020,-0.11
11/1/2020,-0.1
11/2/2020,-0.08
11/3/2020,-0.09
11/4/2020,-0.09
11/5/2020,-0.09
11/6/2020,-0.12
11/7/2020,-0.12
11/8/2020,-0.12
11/9/2020,-0.1
11/10/2020,-0.1
11/11/2020,-0.11
11/12/2020,-0.12
11/13/2020,-0.15
11/14/2020,-0.15
11/15/2020,-0.14
11/16/2020,-0.15
11/17/2020,-0.14
11/18/2020,-0.14
11/19/2020,-0.13
11/20/2020,-0.15
11/21/2020,-0.14
11/22/2020,-0.13
11/23/2020,-0.1
11/24/2020,-0.1
11/25/2020,-0.11
11/26/2020,-0.15
11/27/2020,-0.15
11/28/2020,-0.16
11/29/2020,-0.17
11/30/2020,-0.17
12/1/2020,-0.19
12/2/2020,-0.17
12/3/2020,-0.16
12/4/2020,-0.17
12/5/2020,-0.18
12/6/2020,-0.17
12/7/2020,-0.17
12/8/2020,-0.17
12/9/2020,-0.16
12/10/2020,-0.17
12/11/2020,-0.17
12/12/2020,-0.15
12/13/2020,-0.16
12/14/2020,-0.14
12/15/2020,-0.16
12/16/2020,-0.15
12/17/2020,-0.16
12/18/2020,-0.16
12/19/2020,-0.17
12/20/2020,-0.2
12/21/2020,-0.18
12/22/2020,-0.17
12/23/2020,-0.16
12/24/2020,-0.16
12/25/2020,-0.14
12/26/2020,-0.13
12/27/2020,-0.13
12/28/2020,-0.12
12/29/2020,-0.1
12/30/2020,-0.09
12/31/2020,-0.09
1/1/2021,-0.12
1/2/2021,-0.1
1/3/2021,-0.1
1/4/2021,-0.09
1/5/2021,-0.1
1/6/2021,-0.09
1/7/2021,-0.08
1/8/2021,-0.08
1/9/2021,-0.09
1/10/2021,-0.09
1/11/2021,-0.06
1/12/2021,-0.06
1/13/2021,-0.06
1/14/2021,-0.06
1/15/2021,-0.08
1/16/2021,-0.06
1/17/2021,-0.08
1/18/2021,-0.08
1/19/2021,-0.08
1/20/2021,-0.08
1/21/2021,-0.09
1/22/2021,-0.1
1/23/2021,-0.11
1/24/2021,-0.1
1/25/2021,-0.09
1/26/2021,-0.08
1/27/2021,-0.06
1/28/2021,-0.06
1/29/2021,-0.07
1/30/2021,-0.08
1/31/2021,-0.05
2/1/2021,-0.03
2/2/2021,-0.03
2/3/2021,-0.02
2/4/2021,-0.03
2/5/2021,-0.04
2/6/2021,-0.03
2/7/2021,-0.04
2/8/2021,-0.03
2/9/2021,-0.03
2/10/2021,-0.02
2/11/2021,-0.01
2/12/2021,-0.02
2/13/2021,-0.03
2/14/2021,-0.04
2/15/2021,-0.04
2/16/2021,-0.05
2/17/2021,-0.04
2/18/2021,-0.03
2/19/2021,-0.04
2/20/2021,-0.03
2/21/2021,-0.01
2/22/2021,0
2/23/2021,0
2/24/2021,0.01
2/25/2021,0.01
2/26/2021,-0.01
2/27/2021,0
2/28/2021,0
3/1/2021,0
3/2/2021,0.02
3/3/2021,0.04
3/4/2021,0.04
3/5/2021,0.04
3/6/2021,0.05
3/7/2021,0.05
3/8/2021,0.06
3/9/2021,0.06
3/10/2021,0.06
3/11/2021,0.06
3/12/2021,0.06
3/13/2021,0.06
3/14/2021,0.07
3/15/2021,0.06
3/16/2021,0.06
3/17/2021,0.07
3/18/2021,0.07
3/19/2021,0.07
3/20/2021,0.06
3/21/2021,0.06
3/22/2021,0.07
3/23/2021,0.06
3/24/2021,0.07
3/25/2021,0.07
3/26/2021,0.06
3/27/2021,0.04
3/28/2021,0.06
3/29/2021,0.05
3/30/2021,0.05
3/31/2021,0.07
4/1/2021,0.06
4/2/2021,0.06
4/3/2021,0.08
4/4/2021,0.09
4/5/2021,0.1
4/6/2021,0.12
4/7/2021,0.12
4/8/2021,0.12
4/9/2021,0.12
4/10/2021,0.11
4/11/2021,0.12
4/12/2021,0.14
4/13/2021,0.14
4/14/2021,0.14
4/15/2021,0.13
4/16/2021,0.13
4/17/2021,0.11
4/18/2021,0.11
4/19/2021,0.1
4/20/2021,0.1
4/21/2021,0.1
4/22/2021,0.1
4/23/2021,0.09
4/24/2021,0.09
4/25/2021,0.1
4/26/2021,0.11
4/27/2021,0.12
4/28/2021,0.14
4/29/2021,0.16
4/30/2021,0.16
5/1/2021,0.18
5/2/2021,0.17
5/3/2021,0.2
5/4/2021,0.19
5/5/2021,0.19
5/6/2021,0.18
5/7/2021,0.15
5/8/2021,0.13
5/9/2021,0.14
5/10/2021,0.14
5/11/2021,0.12
5/12/2021,0.11
5/13/2021,0.1
5/14/2021,0.09
5/15/2021,0.1
5/16/2021,0.11
5/17/2021,0.1
5/18/2021,0.11
5/19/2021,0.12
5/20/2021,0.11
5/21/2021,0.09
5/22/2021,0.11
5/23/2021,0.1
5/24/2021,0.1
5/25/2021,0.1
5/26/2021,0.1
5/27/2021,0.1
5/28/2021,0.1
5/29/2021,0.1
5/30/2021,0.1
5/31/2021,0.09
6/1/2021,0.08
6/2/2021,0.07
6/3/2021,0.07
6/4/2021,0.07
6/5/2021,0.08
6/6/2021,0.09
6/7/2021,0.08
6/8/2021,0.07
6/9/2021,0.1
6/10/2021,0.1
6/11/2021,0.09
6/12/2021,0.07
6/13/2021,0.08
6/14/2021,0.09
6/15/2021,0.08
6/16/2021,0.07
6/17/2021,0.08
6/18/2021,0.08
6/19/2021,0.08
6/20/2021,0.09
6/21/2021,0.11
6/22/2021,0.1
6/23/2021,0.09
6/24/2021,0.09
6/25/2021,0.07
6/26/2021,0.07
6/27/2021,0.08
6/28/2021,0.1
6/29/2021,0.08
6/30/2021,0.08
7/1/2021,0.08
7/2/2021,0.08
7/3/2021,0.09
7/4/2021,0.09
7/5/2021,0.08
7/6/2021,0.08
7/7/2021,0.08
7/8/2021,0.07
7/9/2021,0.05
7/10/2021,0.08
7/11/2021,0.08
7/12/2021,0.09
7/13/2021,0.09
7/14/2021,0.11
7/15/2021,0.13
7/16/2021,0.12
7/17/2021,0.11
7/18/2021,0.11
7/19/2021,0.12
7/20/2021,0.1
7/21/2021,0.11
7/22/2021,0.09
7/23/2021,0.08
7/24/2021,0.06
7/25/2021,0.08
7/26/2021,0.1
7/27/2021,0.1
7/28/2021,0.1
7/29/2021,0.09
7/30/2021,0.1
7/31/2021,0.08
8/1/2021,0.07
8/2/2021,0.06
8/3/2021,0.07
8/4/2021,0.07
8/5/2021,0.07
8/6/2021,0.07
8/7/2021,0.08
8/8/2021,0.06
8/9/2021,0.05
8/10/2021,0.06
8/11/2021,0.06
8/12/2021,0.05
8/13/2021,0.07
8/14/2021,0.07
8/15/2021,0.08
8/16/2021,0.08
8/17/2021,0.06
8/18/2021,0.05
8/19/2021,0.06
8/20/2021,0.04
8/21/2021,0.03
8/22/2021,0.01
8/23/2021,-0.01
8/24/2021,-0.01
8/25/2021,0
8/26/2021,0
8/27/2021,0
8/28/2021,0.03
8/29/2021,0.05
8/30/2021,0.05
8/31/2021,0.05
9/1/2021,0.04
9/2/2021,0.03
9/3/2021,0.01
9/4/2021,0
9/5/2021,0
9/6/2021,0
9/7/2021,0
9/8/2021,0
9/9/2021,-0.01
9/10/2021,-0.02
9/11/2021,-0.02
9/12/2021,-0.03
9/13/2021,-0.03
9/14/2021,-0.02
9/15/2021,-0.03
9/16/2021,-0.03
9/17/2021,-0.02
9/18/2021,-0.01
9/19/2021,0.01
9/20/2021,0
9/21/2021,-0.05
9/22/2021,-0.06
9/23/2021,-0.08
9/24/2021,-0.08
9/25/2021,-0.09
9/26/2021,-0.1
9/27/2021,-0.1
9/28/2021,-0.12
9/29/2021,-0.14
9/30/2021,-0.16
10/1/2021,-0.16
10/2/2021,-0.14
10/3/2021,-0.15
10/4/2021,-0.14
10/5/2021,-0.14
10/6/2021,-0.15
10/7/2021,-0.18
10/8/2021,-0.2
10/9/2021,-0.19
10/10/2021,-0.19
10/11/2021,-0.16
10/12/2021,-0.15
10/13/2021,-0.17
10/14/2021,-0.16
10/15/2021,-0.16
10/16/2021,-0.17
10/17/2021,-0.16
10/18/2021,-0.16
10/19/2021,-0.18
10/20/2021,-0.17
10/21/2021,-0.15
10/22/2021,-0.15
10/23/2021,-0.14
10/24/2021,-0.11
10/25/2021,-0.09
10/26/2021,-0.06
10/27/2021,-0.05
10/28/2021,-0.03
10/29/2021,-0.02
10/30/2021,0
10/31/2021,-0.01
11/1/2021,-0.01
11/2/2021,-0.02
11/3/2021,-0.01
11/4/2021,0
11/5/2021,0.01
11/6/2021,0.03
11/7/2021,0.05
11/8/2021,0.07
11/9/2021,0.07
11/10/2021,0.07
11/11/2021,0.06
11/12/2021,0.06
11/13/2021,0.07
11/14/2021,0.06
11/15/2021,0.05
11/16/2021,0.06
11/17/2021,0.06
11/18/2021,0.05
11/19/2021,0.06
11/20/2021,0.09
11/21/2021,0.09
11/22/2021,0.1
11/23/2021,0.11
11/24/2021,0.1
11/25/2021,0.09
11/26/2021,0.09
11/27/2021,0.08
11/28/2021,0.09
11/29/2021,0.09
11/30/2021,0.06
12/1/2021,0.05
12/2/2021,0.05
12/3/2021,0.04
12/4/2021,0.05
12/5/2021,0.08
12/6/2021,0.07
12/7/2021,0.06
12/8/2021,0.04
12/9/2021,0.02
12/10/2021,0.01
12/11/2021,0.01
12/12/2021,0.01
12/13/2021,0
12/14/2021,-0.01
12/15/2021,-0.01
12/16/2021,-0.02
12/17/2021,-0.04
12/18/2021,-0.03
12/19/2021,-0.02
12/20/2021,-0.02
12/21/2021,-0.01
12/22/2021,0
12/23/2021,0.01
12/24/2021,0.04
12/25/2021,-0.04
12/26/2021,-0.03
12/27/2021,-0.01
12/28/2021,0.01
12/29/2021,0.02
12/30/2021,0.02
12/31/2021,0.02
1/1/2022,0.04
1/2/2022,0.06
1/3/2022,0.07
1/4/2022,0.09
1/5/2022,0.09
1/6/2022,0.07
1/7/2022,0.06
1/8/2022,0.05
1/9/2022,0.06
1/10/2022,0.06
1/11/2022,0.04
1/12/2022,0.03
1/13/2022,0.02
1/14/2022,0.01
1/15/2022,0.03
1/16/2022,0.02
1/17/2022,0.03
1/18/2022,0.02
1/19/2022,0.01
1/20/2022,0.02
1/21/2022,0.01
1/22/2022,-0.01
1/23/2022,-0.01
1/24/2022,-0.02
1/25/2022,-0.04
1/26/2022,-0.05
1/27/2022,-0.05
1/28/2022,-0.06
1/29/2022,-0.06
1/30/2022,-0.06
1/31/2022,-0.07
2/1/2022,-0.07
2/2/2022,-0.06
2/3/2022,-0.06
2/4/2022,-0.06
2/5/2022,-0.02
2/6/2022,-0.02
2/7/2022,-0.02
2/8/2022,-0.03
2/9/2022,-0.03
2/10/2022,-0.02
2/11/2022,-0.04
2/12/2022,-0.04
2/13/2022,-0.02
2/14/2022,-0.01
2/15/2022,-0.02
2/16/2022,-0.02
2/17/2022,-0.02
2/18/2022,-0.03
2/19/2022,-0.03
2/20/2022,-0.04
2/21/2022,-0.02
2/22/2022,-0.04
2/23/2022,-0.05
2/24/2022,-0.06
2/25/2022,-0.08
2/26/2022,-0.09
2/27/2022,-0.1
2/28/2022,-0.11
3/1/2022,-0.14
3/2/2022,-0.14
3/3/2022,-0.15
3/4/2022,-0.15
3/5/2022,-0.16
3/6/2022,-0.17
3/7/2022,-0.17
3/8/2022,-0.18
3/9/2022,-0.19
3/10/2022,-0.18
3/11/2022,-0.2
3/12/2022,-0.2
3/13/2022,-0.18
3/14/2022,-0.16
3/15/2022,-0.18
3/16/2022,-0.19
3/17/2022,-0.2
3/18/2022,-0.2
3/19/2022,-0.21
3/20/2022,-0.21
3/21/2022,-0.21
3/22/2022,-0.2
3/23/2022,-0.19
3/24/2022,-0.2
3/25/2022,-0.21
3/26/2022,-0.2
3/27/2022,-0.18
3/28/2022,-0.17
3/29/2022,-0.16
3/30/2022,-0.14
3/31/2022,-0.15
4/1/2022,-0.13
4/2/2022,-0.11
4/3/2022,-0.11
4/4/2022,-0.11
4/5/2022,-0.11
4/6/2022,-0.13
4/7/2022,-0.14
4/8/2022,-0.15
4/9/2022,-0.15
4/10/2022,-0.14
4/11/2022,-0.13
4/12/2022,-0.13
4/13/2022,-0.14
4/14/2022,-0.13
4/15/2022,-0.12
4/16/2022,-0.1
4/17/2022,-0.08
4/18/2022,-0.07
4/19/2022,-0.06
4/20/2022,-0.04
4/21/2022,-0.05
4/22/2022,-0.05
4/23/2022,-0.05
4/24/2022,-0.05
4/25/2022,-0.02
4/26/2022,-0.01
4/27/2022,0
4/28/2022,-0.02
4/29/2022,-0.03
4/30/2022,-0.05
5/1/2022,-0.06
5/2/2022,-0.07
5/3/2022,-0.06
5/4/2022,-0.06
5/5/2022,-0.06
5/6/2022,-0.07
5/7/2022,-0.08
5/8/2022,-0.07
5/9/2022,-0.06
5/10/2022,-0.06
5/11/2022,-0.07
5/12/2022,-0.07
5/13/2022,-0.06
5/14/2022,-0.05
5/15/2022,-0.04
5/16/2022,-0.03
5/17/2022,-0.02
5/18/2022,-0.03
5/19/2022,-0.06
5/20/2022,-0.07
5/21/2022,-0.08
5/22/2022,-0.08
5/23/2022,-0.07
5/24/2022,-0.08
5/25/2022,-0.1
5/26/2022,-0.11
5/27/2022,-0.09
5/28/2022,-0.08
5/29/2022,-0.07
5/30/2022,-0.05
5/31/2022,-0.06
6/1/2022,-0.04
6/2/2022,-0.04
6/3/2022,-0.02
6/4/2022,-0.02
6/5/2022,0
6/6/2022,0
6/7/2022,-0.03
6/8/2022,-0.04
6/9/2022,-0.06
6/10/2022,-0.06
6/11/2022,-0.09
6/12/2022,-0.09
6/13/2022,-0.09
6/14/2022,-0.1
6/15/2022,-0.12
6/16/2022,-0.13
6/17/2022,-0.15
6/18/2022,-0.15
6/19/2022,-0.16
6/20/2022,-0.14
6/21/2022,-0.15
6/22/2022,-0.17
6/23/2022,-0.18
6/24/2022,-0.19
6/25/2022,-0.17
6/26/2022,-0.16
6/27/2022,-0.16
6/28/2022,-0.17
6/29/2022,-0.16
6/30/2022,-0.17
7/1/2022,-0.18
7/2/2022,-0.17
7/3/2022,-0.17
7/4/2022,-0.17
7/5/2022,-0.18
7/6/2022,-0.2
7/7/2022,-0.2
7/8/2022,-0.19
7/9/2022,-0.18
7/10/2022,-0.18
7/11/2022,-0.16
7/12/2022,-0.17
7/13/2022,-0.17
7/14/2022,-0.19
7/15/2022,-0.19
7/16/2022,-0.18
7/17/2022,-0.18
7/18/2022,-0.2
7/19/2022,-0.19
7/20/2022,-0.2
7/21/2022,-0.19
7/22/2022,-0.19
7/23/2022,-0.18
7/24/2022,-0.18
7/25/2022,-0.2
7/26/2022,-0.21
7/27/2022,-0.21
7/28/2022,-0.22
7/29/2022,-0.22
7/30/2022,-0.22
7/31/2022,-0.21
8/1/2022,-0.21
8/2/2022,-0.2
8/3/2022,-0.2
8/4/2022,-0.21
8/5/2022,-0.21
8/6/2022,-0.19
8/7/2022,-0.17
8/8/2022,-0.15
8/9/2022,-0.14
8/10/2022,-0.12
8/11/2022,-0.12
8/12/2022,-0.11
8/13/2022,-0.09
8/14/2022,-0.05
8/15/2022,-0.05
8/16/2022,-0.06
8/17/2022,-0.06
8/18/2022,-0.05
8/19/2022,-0.04
8/20/2022,-0.03
8/21/2022,-0.02
8/22/2022,-0.03
8/23/2022,-0.03
8/24/2022,-0.07
8/25/2022,-0.07
8/26/2022,-0.09
8/27/2022,-0.09
8/28/2022,-0.08
8/29/2022,-0.09
8/30/2022,-0.09
8/31/2022,-0.11
9/1/2022,-0.12
9/2/2022,-0.1
9/3/2022,-0.09
9/4/2022,-0.1
9/5/2022,-0.08
9/6/2022,-0.09
9/7/2022,-0.09
9/8/2022,-0.08
9/9/2022,-0.07
9/10/2022,-0.07
9/11/2022,-0.06
9/12/2022,-0.06
9/13/2022,-0.07
9/14/2022,-0.08
9/15/2022,-0.07
9/16/2022,-0.08
9/17/2022,-0.07
9/18/2022,-0.09
9/19/2022,-0.09
9/20/2022,-0.1
9/21/2022,-0.11
9/22/2022,-0.12
9/23/2022,-0.13
9/24/2022,-0.11
9/25/2022,-0.11
9/26/2022,-0.13
9/27/2022,-0.14
9/28/2022,-0.14
9/29/2022,-0.15
9/30/2022,-0.17
10/1/2022,-0.18
10/2/2022,-0.18
10/3/2022,-0.18
10/4/2022,-0.18
10/5/2022,-0.2
10/6/2022,-0.23
10/7/2022,-0.23
10/8/2022,-0.23
10/9/2022,-0.19
10/10/2022,-0.19
10/11/2022,-0.2
10/12/2022,-0.23
10/13/2022,-0.24
10/14/2022,-0.25
10/15/2022,-0.24
10/16/2022,-0.23
10/17/2022,-0.21
10/18/2022,-0.21
10/19/2022,-0.22
10/20/2022,-0.23
10/21/2022,-0.25
10/22/2022,-0.27
10/23/2022,-0.27
10/24/2022,-0.25
10/25/2022,-0.24
10/26/2022,-0.24
10/27/2022,-0.25
10/28/2022,-0.24
10/29/2022,-0.22
10/30/2022,-0.2
10/31/2022,-0.19
11/1/2022,-0.18
11/2/2022,-0.17
11/3/2022,-0.16
11/4/2022,-0.15
11/5/2022,-0.14
11/6/2022,-0.13
11/7/2022,-0.12
11/8/2022,-0.11
11/9/2022,-0.11
11/10/2022,-0.12
11/11/2022,-0.12
11/12/2022,-0.15
11/13/2022,-0.13
11/14/2022,-0.11
11/15/2022,-0.1
11/16/2022,-0.1
11/17/2022,-0.1
11/18/2022,-0.1
11/19/2022,-0.11
11/20/2022,-0.1
11/21/2022,-0.1
11/22/2022,-0.12
11/23/2022,-0.12
11/24/2022,-0.12
11/25/2022,-0.12
11/26/2022,-0.1
11/27/2022,-0.1
11/28/2022,-0.09
11/29/2022,-0.09
11/30/2022,-0.08
12/1/2022,-0.09
12/2/2022,-0.08
12/3/2022,-0.07
12/4/2022,-0.09
12/5/2022,-0.1
12/6/2022,-0.11
12/7/2022,-0.11
12/8/2022,-0.11
12/9/2022,-0.14
12/10/2022,-0.16
12/11/2022,-0.15
12/12/2022,-0.15
12/13/2022,-0.15
12/14/2022,-0.15
12/15/2022,-0.14
12/16/2022,-0.14
12/17/2022,-0.16
12/18/2022,-0.16
12/19/2022,-0.15
12/20/2022,-0.15
12/21/2022,-0.14
12/22/2022,-0.14
12/23/2022,-0.14
12/24/2022,-0.13
12/25/2022,-0.12
12/26/2022,-0.09
12/27/2022,-0.09
12/28/2022,-0.08
12/29/2022,-0.08
12/30/2022,-0.07
12/31/2022,-0.08
1/1/2023,-0.06
1/2/2023,-0.06
1/3/2023,-0.04
1/4/2023,-0.04
1/5/2023,-0.05
1/6/2023,-0.04
1/7/2023,-0.06
1/8/2023,-0.06
1/9/2023,-0.05
1/10/2023,-0.06
1/11/2023,-0.08
1/12/2023,-0.06
1/13/2023,-0.08
1/14/2023,-0.09
1/15/2023,-0.08
1/16/2023,-0.09
1/17/2023,-0.1
1/18/2023,-0.1
1/19/2023,-0.12
1/20/2023,-0.14
1/21/2023,-0.14
1/22/2023,-0.18
1/23/2023,-0.18
1/24/2023,-0.17
1/25/2023,-0.16
1/26/2023,-0.17
1/27/2023,-0.17
1/28/2023,-0.14
1/29/2023,-0.14
1/30/2023,-0.16
1/31/2023,-0.17
2/1/2023,-0.14
2/2/2023,-0.13
2/3/2023,-0.13
2/4/2023,-0.12
2/5/2023,-0.1
2/6/2023,-0.08
2/7/2023,-0.08
2/8/2023,-0.06
2/9/2023,-0.05
2/10/2023,-0.03
2/11/2023,-0.03
2/12/2023,0
2/13/2023,0
2/14/2023,0.03
2/15/2023,0.03
2/16/2023,0.03
2/17/2023,0.01
2/18/2023,0.01
2/19/2023,0
2/20/2023,-0.01
2/21/2023,-0.01
2/22/2023,-0.01
2/23/2023,-0.02
2/24/2023,-0.02
2/25/2023,-0.02
2/26/2023,-0.03
2/27/2023,-0.02
2/28/2023,0
3/1/2023,-0.02
3/2/2023,-0.02
3/3/2023,0
3/4/2023,-0.01
3/5/2023,0.01
3/6/2023,0.02
3/7/2023,0.04
3/8/2023,0.03
3/9/2023,0.03
3/10/2023,0.02
3/11/2023,0.01
3/12/2023,0.01
3/13/2023,-0.01
3/14/2023,-0.04
3/15/2023,-0.07
3/16/2023,-0.1
3/17/2023,-0.12
3/18/2023,-0.15
3/19/2023,-0.17
3/20/2023,-0.2
3/21/2023,-0.23
3/22/2023,-0.25
3/23/2023,-0.26
3/24/2023,-0.26
3/25/2023,-0.27
3/26/2023,-0.27
3/27/2023,-0.3
3/28/2023,-0.33
3/29/2023,-0.34
3/30/2023,-0.34
3/31/2023,-0.32
4/1/2023,-0.29
4/2/2023,-0.29
4/3/2023,-0.28
4/4/2023,-0.26
4/5/2023,-0.27
4/6/2023,-0.26
4/7/2023,-0.25
4/8/2023,-0.22
4/9/2023,-0.23
4/10/2023,-0.22
4/11/2023,-0.22
4/12/2023,-0.21
4/13/2023,-0.2
4/14/2023,-0.2
4/15/2023,-0.19
4/16/2023,-0.16
4/17/2023,-0.17
4/18/2023,-0.17
4/19/2023,-0.17
4/20/2023,-0.16
4/21/2023,-0.18
4/22/2023,-0.18
4/23/2023,-0.19
4/24/2023,-0.17
4/25/2023,-0.19
4/26/2023,-0.2
4/27/2023,-0.21
4/28/2023,-0.22
4/29/2023,-0.25
4/30/2023,-0.26
5/1/2023,-0.24
5/2/2023,-0.26
5/3/2023,-0.27
5/4/2023,-0.27
5/5/2023,-0.29
5/6/2023,-0.28
5/7/2023,-0.28
5/8/2023,-0.3
5/9/2023,-0.32
5/10/2023,-0.34
5/11/2023,-0.34
5/12/2023,-0.37
5/13/2023,-0.37
5/14/2023,-0.36
5/15/2023,-0.36
5/16/2023,-0.35
5/17/2023,-0.35
5/18/2023,-0.34
5/19/2023,-0.33
5/20/2023,-0.33
5/21/2023,-0.34
5/22/2023,-0.35
5/23/2023,-0.35
5/24/2023,-0.37
5/25/2023,-0.37
5/26/2023,-0.39
5/27/2023,-0.39
5/28/2023,-0.39
5/29/2023,-0.41
5/30/2023,-0.42
5/31/2023,-0.43
6/1/2023,-0.4
6/2/2023,-0.41
6/3/2023,-0.4
6/4/2023,-0.39
6/5/2023,-0.37
6/6/2023,-0.38
6/7/2023,-0.38
6/8/2023,-0.38
6/9/2023,-0.38
6/10/2023,-0.36
6/11/2023,-0.33
6/12/2023,-0.31
6/13/2023,-0.3
6/14/2023,-0.28
6/15/2023,-0.27
6/16/2023,-0.26
6/17/2023,-0.25
6/18/2023,-0.22
6/19/2023,-0.21
6/20/2023,-0.22
6/21/2023,-0.25
6/22/2023,-0.24
6/23/2023,-0.25
6/24/2023,-0.24
6/25/2023,-0.21
6/26/2023,-0.21
6/27/2023,-0.19
6/28/2023,-0.18
6/29/2023,-0.16
6/30/2023,-0.14
7/1/2023,-0.12
7/2/2023,-0.08
7/3/2023,-0.08
7/4/2023,-0.06
7/5/2023,-0.06
7/6/2023,-0.07
7/7/2023,-0.06
7/8/2023,-0.04
7/9/2023,-0.04
7/10/2023,-0.05
7/11/2023,-0.06
7/12/2023,-0.04
7/13/2023,-0.04
7/14/2023,-0.04
7/15/2023,-0.05
7/16/2023,-0.03
7/17/2023,-0.02
7/18/2023,-0.01
7/19/2023,-0.01
7/20/2023,-0.01
7/21/2023,-0.01
7/22/2023,0.01
7/23/2023,0.01
7/24/2023,0
7/25/2023,-0.01
7/26/2023,-0.04
7/27/2023,-0.04
7/28/2023,-0.03
7/29/2023,-0.04
7/30/2023,-0.03
7/31/2023,-0.03
8/1/2023,-0.05
8/2/2023,-0.08
8/3/2023,-0.08
8/4/2023,-0.08
8/5/2023,-0.07
8/6/2023,-0.05
8/7/2023,-0.04
8/8/2023,-0.06
8/9/2023,-0.06
8/10/2023,-0.06
8/11/2023,-0.06
8/12/2023,-0.08
8/13/2023,-0.08
8/14/2023,-0.08
8/15/2023,-0.08
8/16/2023,-0.09
8/17/2023,-0.08
8/18/2023,-0.09
8/19/2023,-0.07
8/20/2023,-0.05
8/21/2023,-0.03
8/22/2023,-0.03
8/23/2023,-0.01
8/24/2023,-0.01
8/25/2023,-0.01
8/26/2023,0
8/27/2023,0
8/28/2023,0
8/29/2023,0
8/30/2023,0
8/31/2023,0.02
9/1/2023,0.03
9/2/2023,0.03
9/3/2023,0.02
9/4/2023,0
9/5/2023,0
9/6/2023,-0.02
9/7/2023,-0.03
9/8/2023,-0.02
9/9/2023,0
9/10/2023,0.01
9/11/2023,0.01
9/12/2023,0.01
9/13/2023,0.01
9/14/2023,0.01
9/15/2023,0.03
9/16/2023,0.01
9/17/2023,-0.01
9/18/2023,-0.01
9/19/2023,-0.02
9/20/2023,-0.02
9/21/2023,-0.02
9/22/2023,-0.02
9/23/2023,-0.01
9/24/2023,-0.02
9/25/2023,-0.04
9/26/2023,-0.05
9/27/2023,-0.05
9/28/2023,-0.07
9/29/2023,-0.09
9/30/2023,-0.12
10/1/2023,-0.12
10/2/2023,-0.13
10/3/2023,-0.14
10/4/2023,-0.11
10/5/2023,-0.09
10/6/2023,-0.09
10/7/2023,-0.08
10/8/2023,-0.06
10/9/2023,-0.08
10/10/2023,-0.1
10/11/2023,-0.08
10/12/2023,-0.07
10/13/2023,-0.07
10/14/2023,-0.07
10/15/2023,-0.08
10/16/2023,-0.08
10/17/2023,-0.08
10/18/2023,-0.05
10/19/2023,-0.05
10/20/2023,-0.04
10/21/2023,-0.04
10/22/2023,-0.04
10/23/2023,-0.04
10/24/2023,-0.02
10/25/2023,-0.03
10/26/2023,-0.02
10/27/2023,-0.02
10/28/2023,-0.01
10/29/2023,0
10/30/2023,0.02
10/31/2023,0.02
11/1/2023,0.02
11/2/2023,0.03
11/3/2023,0.04
11/4/2023,0.04
11/5/2023,0.06
11/6/2023,0.06
11/7/2023,0.05
11/8/2023,0.04
11/9/2023,0.03
11/10/2023,0.03
11/11/2023,-0.01
11/12/2023,0.01
11/13/2023,0
11/14/2023,0.02
11/15/2023,0.03
11/16/2023,0.03
11/17/2023,0.02
11/18/2023,0.03
11/19/2023,0.05
11/20/2023,0.05
11/21/2023,0.02
11/22/2023,0.04
11/23/2023,0.05
11/24/2023,0.05
11/25/2023,0.05
11/26/2023,0.07
11/27/2023,0.09
11/28/2023,0.1
11/29/2023,0.1
11/30/2023,0.1
12/1/2023,0.12
12/2/2023,0.12
12/3/2023,0.13
12/4/2023,0.14
12/5/2023,0.12
12/6/2023,0.13
12/7/2023,0.12
12/8/2023,0.11
12/9/2023,0.08
12/10/2023,0.09
12/11/2023,0.11
12/12/2023,0.11
12/13/2023,0.11
12/14/2023,0.12
12/15/2023,0.13
12/16/2023,0.13
12/17/2023,0.13
12/18/2023,0.13
12/19/2023,0.11
12/20/2023,0.09
12/21/2023,0.11
12/22/2023,0.12
12/23/2023,0.12
12/24/2023,0.1
12/25/2023,0.12
12/26/2023,0.13
12/27/2023,0.13
12/28/2023,0.13
12/29/2023,0.13
12/30/2023,0.12
12/31/2023,0.13
1/1/2024,0.16
1/2/2024,0.16
1/3/2024,0.16
1/4/2024,0.13
1/5/2024,0.13
1/6/2024,0.14
1/7/2024,0.13
1/8/2024,0.13
1/9/2024,0.1
1/10/2024,0.09
1/11/2024,0.08
1/12/2024,0.06
1/13/2024,0.04
1/14/2024,0.04
1/15/2024,0.02
1/16/2024,0.02
1/17/2024,0.01
1/18/2024,0.02
1/19/2024,0.03
1/20/2024,0.03
1/21/2024,0.04
1/22/2024,0.04
1/23/2024,0.04
1/24/2024,0.04
1/25/2024,0.05
1/26/2024,0.08
1/27/2024,0.08
1/28/2024,0.08
1/29/2024,0.07
1/30/2024,0.04
1/31/2024,0.05
2/1/2024,0.07
2/2/2024,0.1
2/3/2024,0.12
2/4/2024,0.12
2/5/2024,0.15
2/6/2024,0.16
2/7/2024,0.17
2/8/2024,0.16
2/9/2024,0.16
2/10/2024,0.16
2/11/2024,0.17
2/12/2024,0.18
2/13/2024,0.17
2/14/2024,0.18
2/15/2024,0.17
2/16/2024,0.16
2/17/2024,0.17
2/18/2024,0.18
2/19/2024,0.19
2/20/2024,0.18
2/21/2024,0.19
2/22/2024,0.18
2/23/2024,0.15
2/24/2024,0.13
2/25/2024,0.14
2/26/2024,0.13
2/27/2024,0.16
2/28/2024,0.16
2/29/2024,0.17
3/1/2024,0.17
3/2/2024,0.15
3/3/2024,0.14
3/4/2024,0.15
3/5/2024,0.15
3/6/2024,0.15
3/7/2024,0.15
3/8/2024,0.16
3/9/2024,0.15
3/10/2024,0.16
3/11/2024,0.17
3/12/2024,0.17
3/13/2024,0.18
3/14/2024,0.19
3/15/2024,0.2
3/16/2024,0.18
3/17/2024,0.2
3/18/2024,0.18
3/19/2024,0.17
3/20/2024,0.18
3/21/2024,0.17
3/22/2024,0.16
3/23/2024,0.14
3/24/2024,0.15
3/25/2024,0.15
3/26/2024,0.16
3/27/2024,0.15
3/28/2024,0.13
3/29/2024,0.11
3/30/2024,0.13
3/31/2024,0.12
4/1/2024,0.15
4/2/2024,0.17
4/3/2024,0.16
4/4/2024,0.15
4/5/2024,0.15
4/6/2024,0.17
4/7/2024,0.16
4/8/2024,0.15
4/9/2024,0.16
4/10/2024,0.14
4/11/2024,0.12
4/12/2024,0.12
4/13/2024,0.12
4/14/2024,0.12
4/15/2024,0.12
4/16/2024,0.13
4/17/2024,0.12
4/18/2024,0.11
4/19/2024,0.08
4/20/2024,0.08
4/21/2024,0.11
4/22/2024,0.11
4/23/2024,0.11
4/24/2024,0.08
4/25/2024,0.06
4/26/2024,0.06
4/27/2024,0.08
4/28/2024,0.07
4/29/2024,0.07
4/30/2024,0.06
5/1/2024,0.05
5/2/2024,0.04
5/3/2024,0.02
5/4/2024,0.05
5/5/2024,0.05
5/6/2024,0.04
5/7/2024,0.06
5/8/2024,0.06
5/9/2024,0.05
5/10/2024,0.04
5/11/2024,0.05
5/12/2024,0.06
5/13/2024,0.04
5/14/2024,0.06
5/15/2024,0.05
5/16/2024,0.05
5/17/2024,0.07
5/18/2024,0.05
5/19/2024,0.05
5/20/2024,0.06
5/21/2024,0.07
5/22/2024,0.07
5/23/2024,0.09
5/24/2024,0.09
5/25/2024,0.08
5/26/2024,0.08
5/27/2024,0.08
5/28/2024,0.07
5/29/2024,0.06
5/30/2024,0.07
5/31/2024,0.06
6/1/2024,0.07
6/2/2024,0.1
6/3/2024,0.09
6/4/2024,0.07
6/5/2024,0.08
6/6/2024,0.09
6/7/2024,0.09
6/8/2024,0.09
6/9/2024,0.11
6/10/2024,0.13
6/11/2024,0.14
6/12/2024,0.13
6/13/2024,0.14
6/14/2024,0.13
6/15/2024,0.13
6/16/2024,0.13
6/17/2024,0.13
6/18/2024,0.13
6/19/2024,0.1
6/20/2024,0.1
6/21/2024,0.08
6/22/2024,0.06
6/23/2024,0.07
6/24/2024,0.06
6/25/2024,0.06
6/26/2024,0.05
6/27/2024,0.03
6/28/2024,0.02
6/29/2024,0.03
6/30/2024,0.03
7/1/2024,0.04
7/2/2024,0.03
7/3/2024,0.03
7/4/2024,0.03
7/5/2024,0.05
7/6/2024,0.07
7/7/2024,0.06
7/8/2024,0.06
7/9/2024,0.09
7/10/2024,0.1
7/11/2024,0.1
7/12/2024,0.1
7/13/2024,0.08
7/14/2024,0.07
7/15/2024,0.08
7/16/2024,0.09
7/17/2024,0.11
7/18/2024,0.12
7/19/2024,0.12
7/20/2024,0.07
7/21/2024,0.09
7/22/2024,0.12
7/23/2024,0.13
7/24/2024,0.12
7/25/2024,0.13
7/26/2024,0.13
7/27/2024,0.14
7/28/2024,0.13
7/29/2024,0.12
7/30/2024,0.12
7/31/2024,0.12
8/1/2024,0.11
8/2/2024,0.08
8/3/2024,0.04
8/4/2024,0.05
8/5/2024,0.01
8/6/2024,-0.03
8/7/2024,-0.04
8/8/2024,-0.04
8/9/2024,-0.06
8/10/2024,-0.06
8/11/2024,-0.05
8/12/2024,-0.03
8/13/2024,0
8/14/2024,0.01
8/15/2024,0.02
8/16/2024,0.03
8/17/2024,0.05
8/18/2024,0.07
8/19/2024,0.07
8/20/2024,0.08
8/21/2024,0.05
8/22/2024,0.04
8/23/2024,0.04
8/24/2024,0.04
8/25/2024,0.06
8/26/2024,0.06
8/27/2024,0.08
8/28/2024,0.08
8/29/2024,0.09
8/30/2024,0.1
8/31/2024,0.09
9/1/2024,0.1
9/2/2024,0.09
9/3/2024,0.1
9/4/2024,0.11
9/5/2024,0.11
9/6/2024,0.07
9/7/2024,0.05
9/8/2024,0.07
9/9/2024,0.07
9/10/2024,0.06
9/11/2024,0.05
9/12/2024,0.05
9/13/2024,0.06
9/14/2024,0.05
9/15/2024,0.09
9/16/2024,0.07
9/17/2024,0.07
9/18/2024,0.08
9/19/2024,0.08
9/20/2024,0.1
9/21/2024,0.09
9/22/2024,0.09
9/23/2024,0.1
9/24/2024,0.08
9/25/2024,0.08
9/26/2024,0.1
9/27/2024,0.07
9/28/2024,0.09
9/29/2024,0.11
9/30/2024,0.11
10/1/2024,0.11
10/2/2024,0.1
10/3/2024,0.12
10/4/2024,0.12
10/5/2024,0.14
10/6/2024,0.14
10/7/2024,0.15
10/8/2024,0.13
10/9/2024,0.13
10/10/2024,0.13
10/11/2024,0.13
10/12/2024,0.13
10/13/2024,0.14
10/14/2024,0.13
10/15/2024,0.14
10/16/2024,0.15
10/17/2024,0.16
10/18/2024,0.16
10/19/2024,0.17
10/20/2024,0.18
10/21/2024,0.21
10/22/2024,0.22
10/23/2024,0.21
10/24/2024,0.21
10/25/2024,0.2
10/26/2024,0.2
10/27/2024,0.21
10/28/2024,0.2
10/29/2024,0.18
10/30/2024,0.19
10/31/2024,0.19
11/1/2024,0.21
11/2/2024,0.21
11/3/2024,0.21
11/4/2024,0.22
11/5/2024,0.24
11/6/2024,0.25
11/7/2024,0.25
11/8/2024,0.26
11/9/2024,0.27
11/10/2024,0.26
11/11/2024,0.27
11/12/2024,0.27
11/13/2024,0.29
11/14/2024,0.3
11/15/2024,0.29
11/16/2024,0.28
11/17/2024,0.27
11/18/2024,0.25
11/19/2024,0.26
11/20/2024,0.25
11/21/2024,0.25
11/22/2024,0.24
11/23/2024,0.25
11/24/2024,0.24
11/25/2024,0.23
11/26/2024,0.23
11/27/2024,0.21
11/28/2024,0.21
11/29/2024,0.19
11/30/2024,0.17
12/1/2024,0.2
12/2/2024,0.2
12/3/2024,0.19
12/4/2024,0.19
12/5/2024,0.19
12/6/2024,0.19
12/7/2024,0.21
12/8/2024,0.23
12/9/2024,0.25
12/10/2024,0.26
12/11/2024,0.25
12/12/2024,0.24
12/13/2024,0.23
12/14/2024,0.23
12/15/2024,0.21
12/16/2024,0.2
12/17/2024,0.21
12/18/2024,0.2
12/19/2024,0.18
12/20/2024,0.15
12/21/2024,0.13
12/22/2024,0.13
12/23/2024,0.13
12/24/2024,0.14
12/25/2024,0.13
12/26/2024,0.13
12/27/2024,0.13
12/28/2024,0.11
12/29/2024,0.1
12/30/2024,0.12
12/31/2024,0.15
1/1/2025,0.15
1/2/2025,0.17
1/3/2025,0.19
1/4/2025,0.19
1/5/2025,0.19
1/6/2025,0.18
1/7/2025,0.19
1/8/2025,0.18
1/9/2025,0.15
1/10/2025,0.17
1/11/2025,0.17
1/12/2025,0.18
1/13/2025,0.19
1/14/2025,0.17
1/15/2025,0.17
1/16/2025,0.16
1/17/2025,0.15
1/18/2025,0.13
1/19/2025,0.11
1/20/2025,0.1
1/21/2025,0.1
1/22/2025,0.1
1/23/2025,0.1
1/24/2025,0.11
1/25/2025,0.11
1/26/2025,0.11
1/27/2025,0.1
1/28/2025,0.1
1/29/2025,0.08
1/30/2025,0.09
1/31/2025,0.09
2/1/2025,0.08
2/2/2025,0.07
2/3/2025,0.07
2/4/2025,0.05
2/5/2025,0.04
2/6/2025,0.04
2/7/2025,0.04
2/8/2025,0.04
2/9/2025,0.04
2/10/2025,0.03
2/11/2025,0.02
2/12/2025,0.03
2/13/2025,0.04
2/14/2025,0.04
2/15/2025,0.06
2/16/2025,0.08
2/17/2025,0.08
2/18/2025,0.1
2/19/2025,0.1
2/20/2025,0.11
2/21/2025,0.12
2/22/2025,0.11
2/23/2025,0.09
2/24/2025,0.09
2/25/2025,0.08
2/26/2025,0.09
2/27/2025,0.08
2/28/2025,0.06
3/1/2025,0.06
3/2/2025,0.06
3/3/2025,0.05
3/4/2025,0.05
3/5/2025,0.04
3/6/2025,0.02
3/7/2025,0.01
3/8/2025,-0.02
3/9/2025,-0.03
3/10/2025,-0.03
3/11/2025,-0.05
3/12/2025,-0.06
3/13/2025,-0.08
3/14/2025,-0.09
3/15/2025,-0.1
3/16/2025,-0.12
3/17/2025,-0.11
3/18/2025,-0.12
3/19/2025,-0.13
3/20/2025,-0.13
3/21/2025,-0.12
3/22/2025,-0.13
3/23/2025,-0.13
3/24/2025,-0.13
3/25/2025,-0.13
3/26/2025,-0.13
3/27/2025,-0.13
3/28/2025,-0.13
3/29/2025,-0.12
3/30/2025,-0.11
3/31/2025,-0.1
4/1/2025,-0.12
4/2/2025,-0.12
4/3/2025,-0.13
4/4/2025,-0.13
4/5/2025,-0.14
4/6/2025,-0.14
4/7/2025,-0.15
4/8/2025,-0.16
4/9/2025,-0.16
4/10/2025,-0.16
4/11/2025,-0.17
4/12/2025,-0.16
4/13/2025,-0.15
4/14/2025,-0.14
4/15/2025,-0.14
4/16/2025,-0.15
4/17/2025,-0.15
4/18/2025,-0.14
4/19/2025,-0.14
4/20/2025,-0.14
4/21/2025,-0.14
4/22/2025,-0.14
4/23/2025,-0.13
4/24/2025,-0.13
4/25/2025,-0.14
4/26/2025,-0.14
4/27/2025,-0.14
4/28/2025,-0.12
4/29/2025,-0.11
4/30/2025,-0.11
5/1/2025,-0.11
5/2/2025,-0.1
5/3/2025,-0.1
5/4/2025,-0.08
5/5/2025,-0.07
5/6/2025,-0.08
5/7/2025,-0.06
5/8/2025,-0.05
5/9/2025,-0.03
5/10/2025,-0.04
5/11/2025,-0.03
5/12/2025,-0.02
5/13/2025,-0.01
5/14/2025,-0.02
5/15/2025,-0.03
5/16/2025,-0.02
5/17/2025,-0.03
5/18/2025,-0.04
5/19/2025,-0.04
5/20/2025,-0.05
5/21/2025,-0.06
5/22/2025,-0.07
5/23/2025,-0.08
5/24/2025,-0.08
5/25/2025,-0.09
5/26/2025,-0.09
5/27/2025,-0.08
5/28/2025,-0.08
5/29/2025,-0.07
5/30/2025,-0.07
5/31/2025,-0.08
6/1/2025,-0.07
6/2/2025,-0.08
6/3/2025,-0.08
6/4/2025,-0.09
6/5/2025,-0.1
6/6/2025,-0.1
6/7/2025,-0.09
6/8/2025,-0.08
6/9/2025,-0.08
6/10/2025,-0.08
6/11/2025,-0.07
6/12/2025,-0.07
6/13/2025,-0.08
6/14/2025,-0.08
6/15/2025,-0.07
6/16/2025,-0.06
6/17/2025,-0.06
6/18/2025,-0.06
6/19/2025,-0.07
6/20/2025,-0.08
6/21/2025,-0.08
6/22/2025,-0.07
6/23/2025,-0.05
6/24/2025,-0.06
6/25/2025,-0.07
6/26/2025,-0.08
6/27/2025,-0.08
6/28/2025,-0.09
6/29/2025,-0.09
6/30/2025,-0.08
7/1/2025,-0.09
7/2/2025,-0.09
7/3/2025,-0.08
7/4/2025,-0.08
7/5/2025,-0.06
7/6/2025,-0.05
7/7/2025,-0.04
7/8/2025,-0.03
7/9/2025,-0.02
7/10/2025,-0.01
7/11/2025,-0.02
7/12/2025,-0.03
7/13/2025,-0.02
7/14/2025,-0.02
7/15/2025,-0.01
7/16/2025,-0.02
7/17/2025,-0.02
7/18/2025,-0.03
7/19/2025,-0.03
7/20/2025,-0.02
7/21/2025,-0.03
7/22/2025,-0.03
7/23/2025,-0.02
7/24/2025,-0.01
7/25/2025,0
7/26/2025,0.02
7/27/2025,0.02
7/28/2025,0.04
7/29/2025,0.04
7/30/2025,0.04
7/31/2025,0.03
8/1/2025,0.03
8/2/2025,0.03
8/3/2025,0.02
8/4/2025,0.04
8/5/2025,0.03
8/6/2025,0.02
8/7/2025,0.02
8/8/2025,0.02
8/9/2025,0
8/10/2025,0
8/11/2025,0.02
8/12/2025,0.04
8/13/2025,0.05
8/14/2025,0.06
8/15/2025,0.07
8/16/2025,0.07
8/17/2025,0.09
8/18/2025,0.07
8/19/2025,0.05
8/20/2025,0.06
8/21/2025,0.05
8/22/2025,0.04
8/23/2025,0.04
8/24/2025,0.06
8/25/2025,0.06
8/26/2025,0.04
8/27/2025,0.04
8/28/2025,0.02
8/29/2025,0.01
8/30/2025,-0.01
8/31/2025,0
9/1/2025,-0.01
9/2/2025,0
9/3/2025,-0.01
9/4/2025,-0.02
9/5/2025,-0.04
9/6/2025,-0.04
9/7/2025,-0.04
9/8/2025,-0.04
9/9/2025,-0.04
9/10/2025,-0.03
9/11/2025,-0.05
9/12/2025,-0.06
9/13/2025,-0.04
9/14/2025,-0.03
9/15/2025,-0.02
9/16/2025,-0.03
9/17/2025,-0.04
9/18/2025,-0.05
9/19/2025,-0.05
9/20/2025,-0.06
9/21/2025,-0.05
9/22/2025,-0.03
9/23/2025,-0.02
9/24/2025,-0.02
9/25/2025,-0.03
9/26/2025,-0.04
9/27/2025,-0.06
9/28/2025,-0.04
9/29/2025,-0.05
9/30/2025,-0.08
10/1/2025,-0.09
10/2/2025,-0.1
10/3/2025,-0.11
10/4/2025,-0.13
10/5/2025,-0.14
10/6/2025,-0.14
10/7/2025,-0.13
10/8/2025,-0.13
10/9/2025,-0.12
10/10/2025,-0.13
10/11/2025,-0.17
10/12/2025,-0.18
10/13/2025,-0.18
10/14/2025,-0.17
10/15/2025,-0.17
10/16/2025,-0.17
10/17/2025,-0.18
10/18/2025,-0.17
10/19/2025,-0.15
10/20/2025,-0.16
10/21/2025,-0.15
10/22/2025,-0.15
10/23/2025,-0.16
10/24/2025,-0.16
10/25/2025,-0.15
10/26/2025,-0.13
10/27/2025,-0.11
10/28/2025,-0.12
10/29/2025,-0.11
10/30/2025,-0.09
10/31/2025,-0.09
11/1/2025,-0.1
11/2/2025,-0.1
11/3/2025,-0.11
11/4/2025,-0.11
11/5/2025,-0.13
11/6/2025,-0.13
11/7/2025,-0.15
11/8/2025,-0.14
11/9/2025,-0.12
11/10/2025,-0.1
11/11/2025,-0.09
11/12/2025,-0.11
11/13/2025,-0.12
11/14/2025,-0.11
11/15/2025,-0.12
11/16/2025,-0.08
11/17/2025,-0.1
11/18/2025,-0.09
11/19/2025,-0.1
11/20/2025,-0.1
11/21/2025,-0.12
11/22/2025,-0.11
11/23/2025,-0.06
11/24/2025,-0.08
11/25/2025,-0.09
11/26/2025,-0.1
11/27/2025,-0.09
11/28/2025,-0.08
11/29/2025,-0.06
11/30/2025,-0.05
12/1/2025,-0.05
12/2/2025,-0.04
12/3/2025,-0.04
12/4/2025,-0.05
12/5/2025,-0.06
12/6/2025,-0.05
12/7/2025,-0.01
12/8/2025,0
12/9/2025,0.01
12/10/2025,0.01
12/11/2025,-0.02
12/12/2025,-0.02
12/13/2025,-0.03
12/14/2025,-0.02
12/15/2025,-0.01
12/16/2025,-0.01
12/17/2025,-0.02
12/18/2025,-0.04
12/19/2025,-0.04
12/20/2025,-0.06
12/21/2025,-0.06
12/22/2025,-0.04
12/23/2025,-0.02
12/24/2025,-0.01
12/25/2025,-0.02
12/26/2025,-0.02
12/27/2025,0.01
12/28/2025,0.03
12/29/2025,0.03
12/30/2025,0.03
12/31/2025,0.03
