DATE,FEDFUNDS
1/1/2015,0.11
1/2/2015,0.11
1/3/2015,0.11
1/4/2015,0.11
1/5/2015,0.11
1/6/2015,0.11
1/7/2015,0.11
1/8/2015,0.11
1/9/2015,0.11
1/10/2015,0.11
1/11/2015,0.11
1/12/2015,0.11
1/13/2015,0.11
1/14/2015,0.11
1/15/2015,0.11
1/16/2015,0.11
1/17/2015,0.11
1/18/2015,0.11
1/19/2015,0.11
1/20/2015,0.11
1/21/2015,0.11
1/22/2015,0.11
1/23/2015,0.11
1/24/2015,0.11
1/25/2015,0.11
1/26/2015,0.11
1/27/2015,0.11
1/28/2015,0.11
1/29/2015,0.11
1/30/2015,0.11
1/31/2015,0.11
2/1/2015,0.11
2/2/2015,0.11
2/3/2015,0.11
2/4/2015,0.11
2/5/2015,0.11
2/6/2015,0.11
2/7/2015,0.11
2/8/2015,0.11
2/9/2015,0.11
2/10/2015,0.11
2/11/2015,0.11
2/12/2015,0.11
2/13/2015,0.11
2/14/2015,0.11
2/15/2015,0.11
2/16/2015,0.11
2/17/2015,0.11
2/18/2015,0.11
2/19/2015,0.11
2/20/2015,0.11
2/21/2015,0.11
2/22/2015,0.11
2/23/2015,0.11
2/24/2015,0.11
2/25/2015,0.11
2/26/2015,0.11
2/27/2015,0.11
2/28/2015,0.11
3/1/2015,0.11
3/2/2015,0.11
3/3/2015,0.11
3/4/2015,0.11
3/5/2015,0.11
3/6/2015,0.11
3/7/2015,0.11
3/8/2015,0.11
3/9/2015,0.11
3/10/2015,0.11
3/11/2015,0.11
3/12/2015,0.11
3/13/2015,0.11
3/14/2015,0.11
3/15/2015,0.11
3/16/2015,0.11
3/17/2015,0.11
3/18/2015,0.11
3/19/2015,0.11
3/20/2015,0.11
3/21/2015,0.11
3/22/2015,0.11
3/23/2015,0.11
3/24/2015,0.11
3/25/2015,0.11
3/26/2015,0.11
3/27/2015,0.11
3/28/2015,0.11
3/29/2015,0.11
3/30/2015,0.11
3/31/2015,0.11
4/1/2015,0.12
4/2/2015,0.12
4/3/2015,0.12
4/4/2015,0.12
4/5/2015,0.12
4/6/2015,0.12
4/7/2015,0.12
4/8/2015,0.12
4/9/2015,0.12
4/10/2015,0.12
4/11/2015,0.12
4/12/2015,0.12
4/13/2015,0.12
4/14/2015,0.12
4/15/2015,0.12
4/16/2015,0.12
4/17/2015,0.12
4/18/2015,0.12
4/19/2015,0.12
4/20/2015,0.12
4/21/2015,0.12
4/22/2015,0.12
4/23/2015,0.12
4/24/2015,0.12
4/25/2015,0.12
4/26/2015,0.12
4/27/2015,0.12
4/28/2015,0.12
4/29/2015,0.12
4/30/2015,0.12
5/1/2015,0.12
5/2/2015,0.12
5/3/2015,0.12
5/4/2015,0.12
5/5/2015,0.12
5/6/2015,0.12
5/7/2015,0.12
5/8/2015,0.12
5/9/2015,0.12
5/10/2015,0.12
5/11/2015,0.12
5/12/2015,0.12
5/13/2015,0.12
5/14/2015,0.12
5/15/2015,0.12
5/16/2015,0.12
5/17/2015,0.12
5/18/2015,0.12
5/19/2015,0.12
5/20/2015,0.12
5/21/2015,0.12
5/22/2015,0.12
5/23/2015,0.12
5/24/2015,0.12
5/25/2015,0.12
5/26/2015,0.12
5/27/2015,0.12
5/28/2015,0.12
5/29/2015,0.12
5/30/2015,0.12
5/31/2015,0.12
6/1/2015,0.13
6/2/2015,0.13
6/3/2015,0.13
6/4/2015,0.13
6/5/2015,0.13
6/6/2015,0.13
6/7/2015,0.13
6/8/2015,0.13
6/9/2015,0.13
6/10/2015,0.13
6/11/2015,0.13
6/12/2015,0.13
6/13/2015,0.13
6/14/2015,0.13
6/15/2015,0.13
6/16/2015,0.13
6/17/2015,0.13
6/18/2015,0.13
6/19/2015,0.13
6/20/2015,0.13
6/21/2015,0.13
6/22/2015,0.13
6/23/2015,0.13
6/24/2015,0.13
6/25/2015,0.13
6/26/2015,0.13
6/27/2015,0.13
6/28/2015,0.13
6/29/2015,0.13
6/30/2015,0.13
7/1/2015,0.13
7/2/2015,0.13
7/3/2015,0.13
7/4/2015,0.13
7/5/2015,0.13
7/6/2015,0.13
7/7/2015,0.13
7/8/2015,0.13
7/9/2015,0.13
7/10/2015,0.13
7/11/2015,0.13
7/12/2015,0.13
7/13/2015,0.13
7/14/2015,0.13
7/15/2015,0.13
7/16/2015,0.13
7/17/2015,0.13
7/18/2015,0.13
7/19/2015,0.13
7/20/2015,0.13
7/21/2015,0.13
7/22/2015,0.13
7/23/2015,0.13
7/24/2015,0.13
7/25/2015,0.13
7/26/2015,0.13
7/27/2015,0.13
7/28/2015,0.13
7/29/2015,0.13
7/30/2015,0.13
7/31/2015,0.13
8/1/2015,0.14
8/2/2015,0.14
8/3/2015,0.14
8/4/2015,0.14
8/5/2015,0.14
8/6/2015,0.14
8/7/2015,0.14
8/8/2015,0.14
8/9/2015,0.14
8/10/2015,0.14
8/11/2015,0.14
8/12/2015,0.14
8/13/2015,0.14
8/14/2015,0.14
8/15/2015,0.14
8/16/2015,0.14
8/17/2015,0.14
8/18/2015,0.14
8/19/2015,0.14
8/20/2015,0.14
8/21/2015,0.14
8/22/2015,0.14
8/23/2015,0.14
8/24/2015,0.14
8/25/2015,0.14
8/26/2015,0.14
8/27/2015,0.14
8/28/2015,0.14
8/29/2015,0.14
8/30/2015,0.14
8/31/2015,0.14
9/1/2015,0.14
9/2/2015,0.14
9/3/2015,0.14
9/4/2015,0.14
9/5/2015,0.14
9/6/2015,0.14
9/7/2015,0.14
9/8/2015,0.14
9/9/2015,0.14
9/10/2015,0.14
9/11/2015,0.14
9/12/2015,0.14
9/13/2015,0.14
9/14/2015,0.14
9/15/2015,0.14
9/16/2015,0.14
9/17/2015,0.14
9/18/2015,0.14
9/19/2015,0.14
9/20/2015,0.14
9/21/2015,0.14
9/22/2015,0.14
9/23/2015,0.14
9/24/2015,0.14
9/25/2015,0.14
9/26/2015,0.14
9/27/2015,0.14
9/28/2015,0.14
9/29/2015,0.14
9/30/2015,0.14
10/1/2015,0.12
10/2/2015,0.12
10/3/2015,0.12
10/4/2015,0.12
10/5/2015,0.12
10/6/2015,0.12
10/7/2015,0.12
10/8/2015,0.12
10/9/2015,0.12
10/10/2015,0.12
10/11/2015,0.12
10/12/2015,0.12
10/13/2015,0.12
10/14/2015,0.12
10/15/2015,0.12
10/16/2015,0.12
10/17/2015,0.12
10/18/2015,0.12
10/19/2015,0.12
10/20/2015,0.12
10/21/2015,0.12
10/22/2015,0.12
10/23/2015,0.12
10/24/2015,0.12
10/25/2015,0.12
10/26/2015,0.12
10/27/2015,0.12
10/28/2015,0.12
10/29/2015,0.12
10/30/2015,0.12
10/31/2015,0.12
11/1/2015,0.12
11/2/2015,0.12
11/3/2015,0.12
11/4/2015,0.12
11/5/2015,0.12
11/6/2015,0.12
11/7/2015,0.12
11/8/2015,0.12
11/9/2015,0.12
11/10/2015,0.12
11/11/2015,0.12
11/12/2015,0.12
11/13/2015,0.12
11/14/2015,0.12
11/15/2015,0.12
11/16/2015,0.12
11/17/2015,0.12
11/18/2015,0.12
11/19/2015,0.12
11/20/2015,0.12
11/21/2015,0.12
11/22/2015,0.12
11/23/2015,0.12
11/24/2015,0.12
11/25/2015,0.12
11/26/2015,0.12
11/27/2015,0.12
11/28/2015,0.12
11/29/2015,0.12
11/30/2015,0.12
12/1/2015,0.24
12/2/2015,0.24
12/3/2015,0.24
12/4/2015,0.24
12/5/2015,0.24
12/6/2015,0.24
12/7/2015,0.24
12/8/2015,0.24
12/9/2015,0.24
12/10/2015,0.24
12/11/2015,0.24
12/12/2015,0.24
12/13/2015,0.24
12/14/2015,0.24
12/15/2015,0.24
12/16/2015,0.24
12/17/2015,0.24
12/18/2015,0.24
12/19/2015,0.24
12/20/2015,0.24
12/21/2015,0.24
12/22/2015,0.24
12/23/2015,0.24
12/24/2015,0.24
12/25/2015,0.24
12/26/2015,0.24
12/27/2015,0.24
12/28/2015,0.24
12/29/2015,0.24
12/30/2015,0.24
12/31/2015,0.24
1/1/2016,0.34
1/2/2016,0.34
1/3/2016,0.34
1/4/2016,0.34
1/5/2016,0.34
1/6/2016,0.34
1/7/2016,0.34
1/8/2016,0.34
1/9/2016,0.34
1/10/2016,0.34
1/11/2016,0.34
1/12/2016,0.34
1/13/2016,0.34
1/14/2016,0.34
1/15/2016,0.34
1/16/2016,0.34
1/17/2016,0.34
1/18/2016,0.34
1/19/2016,0.34
1/20/2016,0.34
1/21/2016,0.34
1/22/2016,0.34
1/23/2016,0.34
1/24/2016,0.34
1/25/2016,0.34
1/26/2016,0.34
1/27/2016,0.34
1/28/2016,0.34
1/29/2016,0.34
1/30/2016,0.34
1/31/2016,0.34
2/1/2016,0.38
2/2/2016,0.38
2/3/2016,0.38
2/4/2016,0.38
2/5/2016,0.38
2/6/2016,0.38
2/7/2016,0.38
2/8/2016,0.38
2/9/2016,0.38
2/10/2016,0.38
2/11/2016,0.38
2/12/2016,0.38
2/13/2016,0.38
2/14/2016,0.38
2/15/2016,0.38
2/16/2016,0.38
2/17/2016,0.38
2/18/2016,0.38
2/19/2016,0.38
2/20/2016,0.38
2/21/2016,0.38
2/22/2016,0.38
2/23/2016,0.38
2/24/2016,0.38
2/25/2016,0.38
2/26/2016,0.38
2/27/2016,0.38
2/28/2016,0.38
2/29/2016,0.38
3/1/2016,0.36
3/2/2016,0.36
3/3/2016,0.36
3/4/2016,0.36
3/5/2016,0.36
3/6/2016,0.36
3/7/2016,0.36
3/8/2016,0.36
3/9/2016,0.36
3/10/2016,0.36
3/11/2016,0.36
3/12/2016,0.36
3/13/2016,0.36
3/14/2016,0.36
3/15/2016,0.36
3/16/2016,0.36
3/17/2016,0.36
3/18/2016,0.36
3/19/2016,0.36
3/20/2016,0.36
3/21/2016,0.36
3/22/2016,0.36
3/23/2016,0.36
3/24/2016,0.36
3/25/2016,0.36
3/26/2016,0.36
3/27/2016,0.36
3/28/2016,0.36
3/29/2016,0.36
3/30/2016,0.36
3/31/2016,0.36
4/1/2016,0.37
4/2/2016,0.37
4/3/2016,0.37
4/4/2016,0.37
4/5/2016,0.37
4/6/2016,0.37
4/7/2016,0.37
4/8/2016,0.37
4/9/2016,0.37
4/10/2016,0.37
4/11/2016,0.37
4/12/2016,0.37
4/13/2016,0.37
4/14/2016,0.37
4/15/2016,0.37
4/16/2016,0.37
4/17/2016,0.37
4/18/2016,0.37
4/19/2016,0.37
4/20/2016,0.37
4/21/2016,0.37
4/22/2016,0.37
4/23/2016,0.37
4/24/2016,0.37
4/25/2016,0.37
4/26/2016,0.37
4/27/2016,0.37
4/28/2016,0.37
4/29/2016,0.37
4/30/2016,0.37
5/1/2016,0.37
5/2/2016,0.37
5/3/2016,0.37
5/4/2016,0.37
5/5/2016,0.37
5/6/2016,0.37
5/7/2016,0.37
5/8/2016,0.37
5/9/2016,0.37
5/10/2016,0.37
5/11/2016,0.37
5/12/2016,0.37
5/13/2016,0.37
5/14/2016,0.37
5/15/2016,0.37
5/16/2016,0.37
5/17/2016,0.37
5/18/2016,0.37
5/19/2016,0.37
5/20/2016,0.37
5/21/2016,0.37
5/22/2016,0.37
5/23/2016,0.37
5/24/2016,0.37
5/25/2016,0.37
5/26/2016,0.37
5/27/2016,0.37
5/28/2016,0.37
5/29/2016,0.37
5/30/2016,0.37
5/31/2016,0.37
6/1/2016,0.38
6/2/2016,0.38
6/3/2016,0.38
6/4/2016,0.38
6/5/2016,0.38
6/6/2016,0.38
6/7/2016,0.38
6/8/2016,0.38
6/9/2016,0.38
6/10/2016,0.38
6/11/2016,0.38
6/12/2016,0.38
6/13/2016,0.38
6/14/2016,0.38
6/15/2016,0.38
6/16/2016,0.38
6/17/2016,0.38
6/18/2016,0.38
6/19/2016,0.38
6/20/2016,0.38
6/21/2016,0.38
6/22/2016,0.38
6/23/2016,0.38
6/24/2016,0.38
6/25/2016,0.38
6/26/2016,0.38
6/27/2016,0.38
6/28/2016,0.38
6/29/2016,0.38
6/30/2016,0.38
7/1/2016,0.39
7/2/2016,0.39
7/3/2016,0.39
7/4/2016,0.39
7/5/2016,0.39
7/6/2016,0.39
7/7/2016,0.39
7/8/2016,0.39
7/9/2016,0.39
7/10/2016,0.39
7/11/2016,0.39
7/12/2016,0.39
7/13/2016,0.39
7/14/2016,0.39
7/15/2016,0.39
7/16/2016,0.39
7/17/2016,0.39
7/18/2016,0.39
7/19/2016,0.39
7/20/2016,0.39
7/21/2016,0.39
7/22/2016,0.39
7/23/2016,0.39
7/24/2016,0.39
7/25/2016,0.39
7/26/2016,0.39
7/27/2016,0.39
7/28/2016,0.39
7/29/2016,0.39
7/30/2016,0.39
7/31/2016,0.39
8/1/2016,0.4
8/2/2016,0.4
8/3/2016,0.4
8/4/2016,0.4
8/5/2016,0.4
8/6/2016,0.4
8/7/2016,0.4
8/8/2016,0.4
8/9/2016,0.4
8/10/2016,0.4
8/11/2016,0.4
8/12/2016,0.4
8/13/2016,0.4
8/14/2016,0.4
8/15/2016,0.4
8/16/2016,0.4
8/17/2016,0.4
8/18/2016,0.4
8/19/2016,0.4
8/20/2016,0.4
8/21/2016,0.4
8/22/2016,0.4
8/23/2016,0.4
8/24/2016,0.4
8/25/2016,0.4
8/26/2016,0.4
8/27/2016,0.4
8/28/2016,0.4
8/29/2016,0.4
8/30/2016,0.4
8/31/2016,0.4
9/1/2016,0.4
9/2/2016,0.4
9/3/2016,0.4
9/4/2016,0.4
9/5/2016,0.4
9/6/2016,0.4
9/7/2016,0.4
9/8/2016,0.4
9/9/2016,0.4
9/10/2016,0.4
9/11/2016,0.4
9/12/2016,0.4
9/13/2016,0.4
9/14/2016,0.4
9/15/2016,0.4
9/16/2016,0.4
9/17/2016,0.4
9/18/2016,0.4
9/19/2016,0.4
9/20/2016,0.4
9/21/2016,0.4
9/22/2016,0.4
9/23/2016,0.4
9/24/2016,0.4
9/25/2016,0.4
9/26/2016,0.4
9/27/2016,0.4
9/28/2016,0.4
9/29/2016,0.4
9/30/2016,0.4
10/1/2016,0.4
10/2/2016,0.4
10/3/2016,0.4
10/4/2016,0.4
10/5/2016,0.4
10/6/2016,0.4
10/7/2016,0.4
10/8/2016,0.4
10/9/2016,0.4
10/10/2016,0.4
10/11/2016,0.4
10/12/2016,0.4
10/13/2016,0.4
10/14/2016,0.4
10/15/2016,0.4
10/16/2016,0.4
10/17/2016,0.4
10/18/2016,0.4
10/19/2016,0.4
10/20/2016,0.4
10/21/2016,0.4
10/22/2016,0.4
10/23/2016,0.4
10/24/2016,0.4
10/25/2016,0.4
10/26/2016,0.4
10/27/2016,0.4
10/28/2016,0.4
10/29/2016,0.4
10/30/2016,0.4
10/31/2016,0.4
11/1/2016,0.41
11/2/2016,0.41
11/3/2016,0.41
11/4/2016,0.41
11/5/2016,0.41
11/6/2016,0.41
11/7/2016,0.41
11/8/2016,0.41
11/9/2016,0.41
11/10/2016,0.41
11/11/2016,0.41
11/12/2016,0.41
11/13/2016,0.41
11/14/2016,0.41
11/15/2016,0.41
11/16/2016,0.41
11/17/2016,0.41
11/18/2016,0.41
11/19/2016,0.41
11/20/2016,0.41
11/21/2016,0.41
11/22/2016,0.41
11/23/2016,0.41
11/24/2016,0.41
11/25/2016,0.41
11/26/2016,0.41
11/27/2016,0.41
11/28/2016,0.41
11/29/2016,0.41
11/30/2016,0.41
12/1/2016,0.54
12/2/2016,0.54
12/3/2016,0.54
12/4/2016,0.54
12/5/2016,0.54
12/6/2016,0.54
12/7/2016,0.54
12/8/2016,0.54
12/9/2016,0.54
12/10/2016,0.54
12/11/2016,0.54
12/12/2016,0.54
12/13/2016,0.54
12/14/2016,0.54
12/15/2016,0.54
12/16/2016,0.54
12/17/2016,0.54
12/18/2016,0.54
12/19/2016,0.54
12/20/2016,0.54
12/21/2016,0.54
12/22/2016,0.54
12/23/2016,0.54
12/24/2016,0.54
12/25/2016,0.54
12/26/2016,0.54
12/27/2016,0.54
12/28/2016,0.54
12/29/2016,0.54
12/30/2016,0.54
12/31/2016,0.54
1/1/2017,0.65
1/2/2017,0.65
1/3/2017,0.65
1/4/2017,0.65
1/5/2017,0.65
1/6/2017,0.65
1/7/2017,0.65
1/8/2017,0.65
1/9/2017,0.65
1/10/2017,0.65
1/11/2017,0.65
1/12/2017,0.65
1/13/2017,0.65
1/14/2017,0.65
1/15/2017,0.65
1/16/2017,0.65
1/17/2017,0.65
1/18/2017,0.65
1/19/2017,0.65
1/20/2017,0.65
1/21/2017,0.65
1/22/2017,0.65
1/23/2017,0.65
1/24/2017,0.65
1/25/2017,0.65
1/26/2017,0.65
1/27/2017,0.65
1/28/2017,0.65
1/29/2017,0.65
1/30/2017,0.65
1/31/2017,0.65
2/1/2017,0.66
2/2/2017,0.66
2/3/2017,0.66
2/4/2017,0.66
2/5/2017,0.66
2/6/2017,0.66
2/7/2017,0.66
2/8/2017,0.66
2/9/2017,0.66
2/10/2017,0.66
2/11/2017,0.66
2/12/2017,0.66
2/13/2017,0.66
2/14/2017,0.66
2/15/2017,0.66
2/16/2017,0.66
2/17/2017,0.66
2/18/2017,0.66
2/19/2017,0.66
2/20/2017,0.66
2/21/2017,0.66
2/22/2017,0.66
2/23/2017,0.66
2/24/2017,0.66
2/25/2017,0.66
2/26/2017,0.66
2/27/2017,0.66
2/28/2017,0.66
3/1/2017,0.79
3/2/2017,0.79
3/3/2017,0.79
3/4/2017,0.79
3/5/2017,0.79
3/6/2017,0.79
3/7/2017,0.79
3/8/2017,0.79
3/9/2017,0.79
3/10/2017,0.79
3/11/2017,0.79
3/12/2017,0.79
3/13/2017,0.79
3/14/2017,0.79
3/15/2017,0.79
3/16/2017,0.79
3/17/2017,0.79
3/18/2017,0.79
3/19/2017,0.79
3/20/2017,0.79
3/21/2017,0.79
3/22/2017,0.79
3/23/2017,0.79
3/24/2017,0.79
3/25/2017,0.79
3/26/2017,0.79
3/27/2017,0.79
3/28/2017,0.79
3/29/2017,0.79
3/30/2017,0.79
3/31/2017,0.79
4/1/2017,0.9
4/2/2017,0.9
4/3/2017,0.9
4/4/2017,0.9
4/5/2017,0.9
4/6/2017,0.9
4/7/2017,0.9
4/8/2017,0.9
4/9/2017,0.9
4/10/2017,0.9
4/11/2017,0.9
4/12/2017,0.9
4/13/2017,0.9
4/14/2017,0.9
4/15/2017,0.9
4/16/2017,0.9
4/17/2017,0.9
4/18/2017,0.9
4/19/2017,0.9
4/20/2017,0.9
4/21/2017,0.9
4/22/2017,0.9
4/23/2017,0.9
4/24/2017,0.9
4/25/2017,0.9
4/26/2017,0.9
4/27/2017,0.9
4/28/2017,0.9
4/29/2017,0.9
4/30/2017,0.9
5/1/2017,0.91
5/2/2017,0.91
5/3/2017,0.91
5/4/2017,0.91
5/5/2017,0.91
5/6/2017,0.91
5/7/2017,0.91
5/8/2017,0.91
5/9/2017,0.91
5/10/2017,0.91
5/11/2017,0.91
5/12/2017,0.91
5/13/2017,0.91
5/14/2017,0.91
5/15/2017,0.91
5/16/2017,0.91
5/17/2017,0.91
5/18/2017,0.91
5/19/2017,0.91
5/20/2017,0.91
5/21/2017,0.91
5/22/2017,0.91
5/23/2017,0.91
5/24/2017,0.91
5/25/2017,0.91
5/26/2017,0.91
5/27/2017,0.91
5/28/2017,0.91
5/29/2017,0.91
5/30/2017,0.91
5/31/2017,0.91
6/1/2017,1.04
6/2/2017,1.04
6/3/2017,1.04
6/4/2017,1.04
6/5/2017,1.04
6/6/2017,1.04
6/7/2017,1.04
6/8/2017,1.04
6/9/2017,1.04
6/10/2017,1.04
6/11/2017,1.04
6/12/2017,1.04
6/13/2017,1.04
6/14/2017,1.04
6/15/2017,1.04
6/16/2017,1.04
6/17/2017,1.04
6/18/2017,1.04
6/19/2017,1.04
6/20/2017,1.04
6/21/2017,1.04
6/22/2017,1.04
6/23/2017,1.04
6/24/2017,1.04
6/25/2017,1.04
6/26/2017,1.04
6/27/2017,1.04
6/28/2017,1.04
6/29/2017,1.04
6/30/2017,1.04
7/1/2017,1.15
7/2/2017,1.15
7/3/2017,1.15
7/4/2017,1.15
7/5/2017,1.15
7/6/2017,1.15
7/7/2017,1.15
7/8/2017,1.15
7/9/2017,1.15
7/10/2017,1.15
7/11/2017,1.15
7/12/2017,1.15
7/13/2017,1.15
7/14/2017,1.15
7/15/2017,1.15
7/16/2017,1.15
7/17/2017,1.15
7/18/2017,1.15
7/19/2017,1.15
7/20/2017,1.15
7/21/2017,1.15
7/22/2017,1.15
7/23/2017,1.15
7/24/2017,1.15
7/25/2017,1.15
7/26/2017,1.15
7/27/2017,1.15
7/28/2017,1.15
7/29/2017,1.15
7/30/2017,1.15
7/31/2017,1.15
8/1/2017,1.16
8/2/2017,1.16
8/3/2017,1.16
8/4/2017,1.16
8/5/2017,1.16
8/6/2017,1.16
8/7/2017,1.16
8/8/2017,1.16
8/9/2017,1.16
8/10/2017,1.16
8/11/2017,1.16
8/12/2017,1.16
8/13/2017,1.16
8/14/2017,1.16
8/15/2017,1.16
8/16/2017,1.16
8/17/2017,1.16
8/18/2017,1.16
8/19/2017,1.16
8/20/2017,1.16
8/21/2017,1.16
8/22/2017,1.16
8/23/2017,1.16
8/24/2017,1.16
8/25/2017,1.16
8/26/2017,1.16
8/27/2017,1.16
8/28/2017,1.16
8/29/2017,1.16
8/30/2017,1.16
8/31/2017,1.16
9/1/2017,1.15
9/2/2017,1.15
9/3/2017,1.15
9/4/2017,1.15
9/5/2017,1.15
9/6/2017,1.15
9/7/2017,1.15
9/8/2017,1.15
9/9/2017,1.15
9/10/2017,1.15
9/11/2017,1.15
9/12/2017,1.15
9/13/2017,1.15
9/14/2017,1.15
9/15/2017,1.15
9/16/2017,1.15
9/17/2017,1.15
9/18/2017,1.15
9/19/2017,1.15
9/20/2017,1.15
9/21/2017,1.15
9/22/2017,1.15
9/23/2017,1.15
9/24/2017,1.15
9/25/2017,1.15
9/26/2017,1.15
9/27/2017,1.15
9/28/2017,1.15
9/29/2017,1.15
9/30/2017,1.15
10/1/2017,1.15
10/2/2017,1.15
10/3/2017,1.15
10/4/2017,1.15
10/5/2017,1.15
10/6/2017,1.15
10/7/2017,1.15
10/8/2017,1.15
10/9/2017,1.15
10/10/2017,1.15
10/11/2017,1.15
10/12/2017,1.15
10/13/2017,1.15
10/14/2017,1.15
10/15/2017,1.15
10/16/2017,1.15
10/17/2017,1.15
10/18/2017,1.15
10/19/2017,1.15
10/20/2017,1.15
10/21/2017,1.15
10/22/2017,1.15
10/23/2017,1.15
10/24/2017,1.15
10/25/2017,1.15
10/26/2017,1.15
10/27/2017,1.15
10/28/2017,1.15
10/29/2017,1.15
10/30/2017,1.15
10/31/2017,1.15
11/1/2017,1.16
11/2/2017,1.16
11/3/2017,1.16
11/4/2017,1.16
11/5/2017,1.16
11/6/2017,1.16
11/7/2017,1.16
11/8/2017,1.16
11/9/2017,1.16
11/10/2017,1.16
11/11/2017,1.16
11/12/2017,1.16
11/13/2017,1.16
11/14/2017,1.16
11/15/2017,1.16
11/16/2017,1.16
11/17/2017,1.16
11/18/2017,1.16
11/19/2017,1.16
11/20/2017,1.16
11/21/2017,1.16
11/22/2017,1.16
11/23/2017,1.16
11/24/2017,1.16
11/25/2017,1.16
11/26/2017,1.16
11/27/2017,1.16
11/28/2017,1.16
11/29/2017,1.16
11/30/2017,1.16
12/1/2017,1.3
12/2/2017,1.3
12/3/2017,1.3
12/4/2017,1.3
12/5/2017,1.3
12/6/2017,1.3
12/7/2017,1.3
12/8/2017,1.3
12/9/2017,1.3
12/10/2017,1.3
12/11/2017,1.3
12/12/2017,1.3
12/13/2017,1.3
12/14/2017,1.3
12/15/2017,1.3
12/16/2017,1.3
12/17/2017,1.3
12/18/2017,1.3
12/19/2017,1.3
12/20/2017,1.3
12/21/2017,1.3
12/22/2017,1.3
12/23/2017,1.3
12/24/2017,1.3
12/25/2017,1.3
12/26/2017,1.3
12/27/2017,1.3
12/28/2017,1.3
12/29/2017,1.3
12/30/2017,1.3
12/31/2017,1.3
1/1/2018,1.41
1/2/2018,1.41
1/3/2018,1.41
1/4/2018,1.41
1/5/2018,1.41
1/6/2018,1.41
1/7/2018,1.41
1/8/2018,1.41
1/9/2018,1.41
1/10/2018,1.41
1/11/2018,1.41
1/12/2018,1.41
1/13/2018,1.41
1/14/2018,1.41
1/15/2018,1.41
1/16/2018,1.41
1/17/2018,1.41
1/18/2018,1.41
1/19/2018,1.41
1/20/2018,1.41
1/21/2018,1.41
1/22/2018,1.41
1/23/2018,1.41
1/24/2018,1.41
1/25/2018,1.41
1/26/2018,1.41
1/27/2018,1.41
1/28/2018,1.41
1/29/2018,1.41
1/30/2018,1.41
1/31/2018,1.41
2/1/2018,1.42
2/2/2018,1.42
2/3/2018,1.42
2/4/2018,1.42
2/5/2018,1.42
2/6/2018,1.42
2/7/2018,1.42
2/8/2018,1.42
2/9/2018,1.42
2/10/2018,1.42
2/11/2018,1.42
2/12/2018,1.42
2/13/2018,1.42
2/14/2018,1.42
2/15/2018,1.42
2/16/2018,1.42
2/17/2018,1.42
2/18/2018,1.42
2/19/2018,1.42
2/20/2018,1.42
2/21/2018,1.42
2/22/2018,1.42
2/23/2018,1.42
2/24/2018,1.42
2/25/2018,1.42
2/26/2018,1.42
2/27/2018,1.42
2/28/2018,1.42
3/1/2018,1.51
3/2/2018,1.51
3/3/2018,1.51
3/4/2018,1.51
3/5/2018,1.51
3/6/2018,1.51
3/7/2018,1.51
3/8/2018,1.51
3/9/2018,1.51
3/10/2018,1.51
3/11/2018,1.51
3/12/2018,1.51
3/13/2018,1.51
3/14/2018,1.51
3/15/2018,1.51
3/16/2018,1.51
3/17/2018,1.51
3/18/2018,1.51
3/19/2018,1.51
3/20/2018,1.51
3/21/2018,1.51
3/22/2018,1.51
3/23/2018,1.51
3/24/2018,1.51
3/25/2018,1.51
3/26/2018,1.51
3/27/2018,1.51
3/28/2018,1.51
3/29/2018,1.51
3/30/2018,1.51
3/31/2018,1.51
4/1/2018,1.69
4/2/2018,1.69
4/3/2018,1.69
4/4/2018,1.69
4/5/2018,1.69
4/6/2018,1.69
4/7/2018,1.69
4/8/2018,1.69
4/9/2018,1.69
4/10/2018,1.69
4/11/2018,1.69
4/12/2018,1.69
4/13/2018,1.69
4/14/2018,1.69
4/15/2018,1.69
4/16/2018,1.69
4/17/2018,1.69
4/18/2018,1.69
4/19/2018,1.69
4/20/2018,1.69
4/21/2018,1.69
4/22/2018,1.69
4/23/2018,1.69
4/24/2018,1.69
4/25/2018,1.69
4/26/2018,1.69
4/27/2018,1.69
4/28/2018,1.69
4/29/2018,1.69
4/30/2018,1.69
5/1/2018,1.7
5/2/2018,1.7
5/3/2018,1.7
5/4/2018,1.7
5/5/2018,1.7
5/6/2018,1.7
5/7/2018,1.7
5/8/2018,1.7
5/9/2018,1.7
5/10/2018,1.7
5/11/2018,1.7
5/12/2018,1.7
5/13/2018,1.7
5/14/2018,1.7
5/15/2018,1.7
5/16/2018,1.7
5/17/2018,1.7
5/18/2018,1.7
5/19/2018,1.7
5/20/2018,1.7
5/21/2018,1.7
5/22/2018,1.7
5/23/2018,1.7
5/24/2018,1.7
5/25/2018,1.7
5/26/2018,1.7
5/27/2018,1.7
5/28/2018,1.7
5/29/2018,1.7
5/30/2018,1.7
5/31/2018,1.7
6/1/2018,1.82
6/2/2018,1.82
6/3/2018,1.82
6/4/2018,1.82
6/5/2018,1.82
6/6/2018,1.82
6/7/2018,1.82
6/8/2018,1.82
6/9/2018,1.82
6/10/2018,1.82
6/11/2018,1.82
6/12/2018,1.82
6/13/2018,1.82
6/14/2018,1.82
6/15/2018,1.82
6/16/2018,1.82
6/17/2018,1.82
6/18/2018,1.82
6/19/2018,1.82
6/20/2018,1.82
6/21/2018,1.82
6/22/2018,1.82
6/23/2018,1.82
6/24/2018,1.82
6/25/2018,1.82
6/26/2018,1.82
6/27/2018,1.82
6/28/2018,1.82
6/29/2018,1.82
6/30/2018,1.82
7/1/2018,1.91
7/2/2018,1.91
7/3/2018,1.91
7/4/2018,1.91
7/5/2018,1.91
7/6/2018,1.91
7/7/2018,1.91
7/8/2018,1.91
7/9/2018,1.91
7/10/2018,1.91
7/11/2018,1.91
7/12/2018,1.91
7/13/2018,1.91
7/14/2018,1.91
7/15/2018,1.91
7/16/2018,1.91
7/17/2018,1.91
7/18/2018,1.91
7/19/2018,1.91
7/20/2018,1.91
7/21/2018,1.91
7/22/2018,1.91
7/23/2018,1.91
7/24/2018,1.91
7/25/2018,1.91
7/26/2018,1.91
7/27/2018,1.91
7/28/2018,1.91
7/29/2018,1.91
7/30/2018,1.91
7/31/2018,1.91
8/1/2018,1.91
8/2/2018,1.91
8/3/2018,1.91
8/4/2018,1.91
8/5/2018,1.91
8/6/2018,1.91
8/7/2018,1.91
8/8/2018,1.91
8/9/2018,1.91
8/10/2018,1.91
8/11/2018,1.91
8/12/2018,1.91
8/13/2018,1.91
8/14/2018,1.91
8/15/2018,1.91
8/16/2018,1.91
8/17/2018,1.91
8/18/2018,1.91
8/19/2018,1.91
8/20/2018,1.91
8/21/2018,1.91
8/22/2018,1.91
8/23/2018,1.91
8/24/2018,1.91
8/25/2018,1.91
8/26/2018,1.91
8/27/2018,1.91
8/28/2018,1.91
8/29/2018,1.91
8/30/2018,1.91
8/31/2018,1.91
9/1/2018,1.95
9/2/2018,1.95
9/3/2018,1.95
9/4/2018,1.95
9/5/2018,1.95
9/6/2018,1.95
9/7/2018,1.95
9/8/2018,1.95
9/9/2018,1.95
9/10/2018,1.95
9/11/2018,1.95
9/12/2018,1.95
9/13/2018,1.95
9/14/2018,1.95
9/15/2018,1.95
9/16/2018,1.95
9/17/2018,1.95
9/18/2018,1.95
9/19/2018,1.95
9/20/2018,1.95
9/21/2018,1.95
9/22/2018,1.95
9/23/2018,1.95
9/24/2018,1.95
9/25/2018,1.95
9/26/2018,1.95
9/27/2018,1.95
9/28/2018,1.95
9/29/2018,1.95
9/30/2018,1.95
10/1/2018,2.19
10/2/2018,2.19
10/3/2018,2.19
10/4/2018,2.19
10/5/2018,2.19
10/6/2018,2.19
10/7/2018,2.19
10/8/2018,2.19
10/9/2018,2.19
10/10/2018,2.19
10/11/2018,2.19
10/12/2018,2.19
10/13/2018,2.19
10/14/2018,2.19
10/15/2018,2.19
10/16/2018,2.19
10/17/2018,2.19
10/18/2018,2.19
10/19/2018,2.19
10/20/2018,2.19
10/21/2018,2.19
10/22/2018,2.19
10/23/2018,2.19
10/24/2018,2.19
10/25/2018,2.19
10/26/2018,2.19
10/27/2018,2.19
10/28/2018,2.19
10/29/2018,2.19
10/30/2018,2.19
10/31/2018,2.19
11/1/2018,2.2
11/2/2018,2.2
11/3/2018,2.2
11/4/2018,2.2
11/5/2018,2.2
11/6/2018,2.2
11/7/2018,2.2
11/8/2018,2.2
11/9/2018,2.2
11/10/2018,2.2
11/11/2018,2.2
11/12/2018,2.2
11/13/2018,2.2
11/14/2018,2.2
11/15/2018,2.2
11/16/2018,2.2
11/17/2018,2.2
11/18/2018,2.2
11/19/2018,2.2
11/20/2018,2.2
11/21/2018,2.2
11/22/2018,2.2
11/23/2018,2.2
11/24/2018,2.2
11/25/2018,2.2
11/26/2018,2.2
11/27/2018,2.2
11/28/2018,2.2
11/29/2018,2.2
11/30/2018,2.2
12/1/2018,2.27
12/2/2018,2.27
12/3/2018,2.27
12/4/2018,2.27
12/5/2018,2.27
12/6/2018,2.27
12/7/2018,2.27
12/8/2018,2.27
12/9/2018,2.27
12/10/2018,2.27
12/11/2018,2.27
12/12/2018,2.27
12/13/2018,2.27
12/14/2018,2.27
12/15/2018,2.27
12/16/2018,2.27
12/17/2018,2.27
12/18/2018,2.27
12/19/2018,2.27
12/20/2018,2.27
12/21/2018,2.27
12/22/2018,2.27
12/23/2018,2.27
12/24/2018,2.27
12/25/2018,2.27
12/26/2018,2.27
12/27/2018,2.27
12/28/2018,2.27
12/29/2018,2.27
12/30/2018,2.27
12/31/2018,2.27
1/1/2019,2.4
1/2/2019,2.4
1/3/2019,2.4
1/4/2019,2.4
1/5/2019,2.4
1/6/2019,2.4
1/7/2019,2.4
1/8/2019,2.4
1/9/2019,2.4
1/10/2019,2.4
1/11/2019,2.4
1/12/2019,2.4
1/13/2019,2.4
1/14/2019,2.4
1/15/2019,2.4
1/16/2019,2.4
1/17/2019,2.4
1/18/2019,2.4
1/19/2019,2.4
1/20/2019,2.4
1/21/2019,2.4
1/22/2019,2.4
1/23/2019,2.4
1/24/2019,2.4
1/25/2019,2.4
1/26/2019,2.4
1/27/2019,2.4
1/28/2019,2.4
1/29/2019,2.4
1/30/2019,2.4
1/31/2019,2.4
2/1/2019,2.4
2/2/2019,2.4
2/3/2019,2.4
2/4/2019,2.4
2/5/2019,2.4
2/6/2019,2.4
2/7/2019,2.4
2/8/2019,2.4
2/9/2019,2.4
2/10/2019,2.4
2/11/2019,2.4
2/12/2019,2.4
2/13/2019,2.4
2/14/2019,2.4
2/15/2019,2.4
2/16/2019,2.4
2/17/2019,2.4
2/18/2019,2.4
2/19/2019,2.4
2/20/2019,2.4
2/21/2019,2.4
2/22/2019,2.4
2/23/2019,2.4
2/24/2019,2.4
2/25/2019,2.4
2/26/2019,2.4
2/27/2019,2.4
2/28/2019,2.4
3/1/2019,2.41
3/2/2019,2.41
3/3/2019,2.41
3/4/2019,2.41
3/5/2019,2.41
3/6/2019,2.41
3/7/2019,2.41
3/8/2019,2.41
3/9/2019,2.41
3/10/2019,2.41
3/11/2019,2.41
3/12/2019,2.41
3/13/2019,2.41
3/14/2019,2.41
3/15/2019,2.41
3/16/2019,2.41
3/17/2019,2.41
3/18/2019,2.41
3/19/2019,2.41
3/20/2019,2.41
3/21/2019,2.41
3/22/2019,2.41
3/23/2019,2.41
3/24/2019,2.41
3/25/2019,2.41
3/26/2019,2.41
3/27/2019,2.41
3/28/2019,2.41
3/29/2019,2.41
3/30/2019,2.41
3/31/2019,2.41
4/1/2019,2.42
4/2/2019,2.42
4/3/2019,2.42
4/4/2019,2.42
4/5/2019,2.42
4/6/2019,2.42
4/7/2019,2.42
4/8/2019,2.42
4/9/2019,2.42
4/10/2019,2.42
4/11/2019,2.42
4/12/2019,2.42
4/13/2019,2.42
4/14/2019,2.42
4/15/2019,2.42
4/16/2019,2.42
4/17/2019,2.42
4/18/2019,2.42
4/19/2019,2.42
4/20/2019,2.42
4/21/2019,2.42
4/22/2019,2.42
4/23/2019,2.42
4/24/2019,2.42
4/25/2019,2.42
4/26/2019,2.42
4/27/2019,2.42
4/28/2019,2.42
4/29/2019,2.42
4/30/2019,2.42
5/1/2019,2.39
5/2/2019,2.39
5/3/2019,2.39
5/4/2019,2.39
5/5/2019,2.39
5/6/2019,2.39
5/7/2019,2.39
5/8/2019,2.39
5/9/2019,2.39
5/10/2019,2.39
5/11/2019,2.39
5/12/2019,2.39
5/13/2019,2.39
5/14/2019,2.39
5/15/2019,2.39
5/16/2019,2.39
5/17/2019,2.39
5/18/2019,2.39
5/19/2019,2.39
5/20/2019,2.39
5/21/2019,2.39
5/22/2019,2.39
5/23/2019,2.39
5/24/2019,2.39
5/25/2019,2.39
5/26/2019,2.39
5/27/2019,2.39
5/28/2019,2.39
5/29/2019,2.39
5/30/2019,2.39
5/31/2019,2.39
6/1/2019,2.38
6/2/2019,2.38
6/3/2019,2.38
6/4/2019,2.38
6/5/2019,2.38
6/6/2019,2.38
6/7/2019,2.38
6/8/2019,2.38
6/9/2019,2.38
6/10/2019,2.38
6/11/2019,2.38
6/12/2019,2.38
6/13/2019,2.38
6/14/2019,2.38
6/15/2019,2.38
6/16/2019,2.38
6/17/2019,2.38
6/18/2019,2.38
6/19/2019,2.38
6/20/2019,2.38
6/21/2019,2.38
6/22/2019,2.38
6/23/2019,2.38
6/24/2019,2.38
6/25/2019,2.38
6/26/2019,2.38
6/27/2019,2.38
6/28/2019,2.38
6/29/2019,2.38
6/30/2019,2.38
7/1/2019,2.4
7/2/2019,2.4
7/3/2019,2.4
7/4/2019,2.4
7/5/2019,2.4
7/6/2019,2.4
7/7/2019,2.4
7/8/2019,2.4
7/9/2019,2.4
7/10/2019,2.4
7/11/2019,2.4
7/12/2019,2.4
7/13/2019,2.4
7/14/2019,2.4
7/15/2019,2.4
7/16/2019,2.4
7/17/2019,2.4
7/18/2019,2.4
7/19/2019,2.4
7/20/2019,2.4
7/21/2019,2.4
7/22/2019,2.4
7/23/2019,2.4
7/24/2019,2.4
7/25/2019,2.4
7/26/2019,2.4
7/27/2019,2.4
7/28/2019,2.4
7/29/2019,2.4
7/30/2019,2.4
7/31/2019,2.4
8/1/2019,2.13
8/2/2019,2.13
8/3/2019,2.13
8/4/2019,2.13
8/5/2019,2.13
8/6/2019,2.13
8/7/2019,2.13
8/8/2019,2.13
8/9/2019,2.13
8/10/2019,2.13
8/11/2019,2.13
8/12/2019,2.13
8/13/2019,2.13
8/14/2019,2.13
8/15/2019,2.13
8/16/2019,2.13
8/17/2019,2.13
8/18/2019,2.13
8/19/2019,2.13
8/20/2019,2.13
8/21/2019,2.13
8/22/2019,2.13
8/23/2019,2.13
8/24/2019,2.13
8/25/2019,2.13
8/26/2019,2.13
8/27/2019,2.13
8/28/2019,2.13
8/29/2019,2.13
8/30/2019,2.13
8/31/2019,2.13
9/1/2019,2.04
9/2/2019,2.04
9/3/2019,2.04
9/4/2019,2.04
9/5/2019,2.04
9/6/2019,2.04
9/7/2019,2.04
9/8/2019,2.04
9/9/2019,2.04
9/10/2019,2.04
9/11/2019,2.04
9/12/2019,2.04
9/13/2019,2.04
9/14/2019,2.04
9/15/2019,2.04
9/16/2019,2.04
9/17/2019,2.04
9/18/2019,2.04
9/19/2019,2.04
9/20/2019,2.04
9/21/2019,2.04
9/22/2019,2.04
9/23/2019,2.04
9/24/2019,2.04
9/25/2019,2.04
9/26/2019,2.04
9/27/2019,2.04
9/28/2019,2.04
9/29/2019,2.04
9/30/2019,2.04
10/1/2019,1.83
10/2/2019,1.83
10/3/2019,1.83
10/4/2019,1.83
10/5/2019,1.83
10/6/2019,1.83
10/7/2019,1.83
10/8/2019,1.83
10/9/2019,1.83
10/10/2019,1.83
10/11/2019,1.83
10/12/2019,1.83
10/13/2019,1.83
10/14/2019,1.83
10/15/2019,1.83
10/16/2019,1.83
10/17/2019,1.83
10/18/2019,1.83
10/19/2019,1.83
10/20/2019,1.83
10/21/2019,1.83
10/22/2019,1.83
10/23/2019,1.83
10/24/2019,1.83
10/25/2019,1.83
10/26/2019,1.83
10/27/2019,1.83
10/28/2019,1.83
10/29/2019,1.83
10/30/2019,1.83
10/31/2019,1.83
11/1/2019,1.55
11/2/2019,1.55
11/3/2019,1.55
11/4/2019,1.55
11/5/2019,1.55
11/6/2019,1.55
11/7/2019,1.55
11/8/2019,1.55
11/9/2019,1.55
11/10/2019,1.55
11/11/2019,1.55
11/12/2019,1.55
11/13/2019,1.55
11/14/2019,1.55
11/15/2019,1.55
11/16/2019,1.55
11/17/2019,1.55
11/18/2019,1.55
11/19/2019,1.55
11/20/2019,1.55
11/21/2019,1.55
11/22/2019,1.55
11/23/2019,1.55
11/24/2019,1.55
11/25/2019,1.55
11/26/2019,1.55
11/27/2019,1.55
11/28/2019,1.55
11/29/2019,1.55
11/30/2019,1.55
12/1/2019,1.55
12/2/2019,1.55
12/3/2019,1.55
12/4/2019,1.55
12/5/2019,1.55
12/6/2019,1.55
12/7/2019,1.55
12/8/2019,1.55
12/9/2019,1.55
12/10/2019,1.55
12/11/2019,1.55
12/12/2019,1.55
12/13/2019,1.55
12/14/2019,1.55
12/15/2019,1.55
12/16/2019,1.55
12/17/2019,1.55
12/18/2019,1.55
12/19/2019,1.55
12/20/2019,1.55
12/21/2019,1.55
12/22/2019,1.55
12/23/2019,1.55
12/24/2019,1.55
12/25/2019,1.55
12/26/2019,1.55
12/27/2019,1.55
12/28/2019,1.55
12/29/2019,1.55
12/30/2019,1.55
12/31/2019,1.55
1/1/2020,1.55
1/2/2020,1.55
1/3/2020,1.55
1/4/2020,1.55
1/5/2020,1.55
1/6/2020,1.55
1/7/2020,1.55
1/8/2020,1.55
1/9/2020,1.55
1/10/2020,1.55
1/11/2020,1.55
1/12/2020,1.55
1/13/2020,1.55
1/14/2020,1.55
1/15/2020,1.55
1/16/2020,1.55
1/17/2020,1.55
1/18/2020,1.55
1/19/2020,1.55
1/20/2020,1.55
1/21/2020,1.55
1/22/2020,1.55
1/23/2020,1.55
1/24/2020,1.55
1/25/2020,1.55
1/26/2020,1.55
1/27/2020,1.55
1/28/2020,1.55
1/29/2020,1.55
1/30/2020,1.55
1/31/2020,1.55
2/1/2020,1.58
2/2/2020,1.58
2/3/2020,1.58
2/4/2020,1.58
2/5/2020,1.58
2/6/2020,1.58
2/7/2020,1.58
2/8/2020,1.58
2/9/2020,1.58
2/10/2020,1.58
2/11/2020,1.58
2/12/2020,1.58
2/13/2020,1.58
2/14/2020,1.58
2/15/2020,1.58
2/16/2020,1.58
2/17/2020,1.58
2/18/2020,1.58
2/19/2020,1.58
2/20/2020,1.58
2/21/2020,1.58
2/22/2020,1.58
2/23/2020,1.58
2/24/2020,1.58
2/25/2020,1.58
2/26/2020,1.58
2/27/2020,1.58
2/28/2020,1.58
2/29/2020,1.58
3/1/2020,0.65
3/2/2020,0.65
3/3/2020,0.65
3/4/2020,0.65
3/5/2020,0.65
3/6/2020,0.65
3/7/2020,0.65
3/8/2020,0.65
3/9/2020,0.65
3/10/2020,0.65
3/11/2020,0.65
3/12/2020,0.65
3/13/2020,0.65
3/14/2020,0.65
3/15/2020,0.65
3/16/2020,0.65
3/17/2020,0.65
3/18/2020,0.65
3/19/2020,0.65
3/20/2020,0.65
3/21/2020,0.65
3/22/2020,0.65
3/23/2020,0.65
3/24/2020,0.65
3/25/2020,0.65
3/26/2020,0.65
3/27/2020,0.65
3/28/2020,0.65
3/29/2020,0.65
3/30/2020,0.65
3/31/2020,0.65
4/1/2020,0.05
4/2/2020,0.05
4/3/2020,0.05
4/4/2020,0.05
4/5/2020,0.05
4/6/2020,0.05
4/7/2020,0.05
4/8/2020,0.05
4/9/2020,0.05
4/10/2020,0.05
4/11/2020,0.05
4/12/2020,0.05
4/13/2020,0.05
4/14/2020,0.05
4/15/2020,0.05
4/16/2020,0.05
4/17/2020,0.05
4/18/2020,0.05
4/19/2020,0.05
4/20/2020,0.05
4/21/2020,0.05
4/22/2020,0.05
4/23/2020,0.05
4/24/2020,0.05
4/25/2020,0.05
4/26/2020,0.05
4/27/2020,0.05
4/28/2020,0.05
4/29/2020,0.05
4/30/2020,0.05
5/1/2020,0.05
5/2/2020,0.05
5/3/2020,0.05
5/4/2020,0.05
5/5/2020,0.05
5/6/2020,0.05
5/7/2020,0.05
5/8/2020,0.05
5/9/2020,0.05
5/10/2020,0.05
5/11/2020,0.05
5/12/2020,0.05
5/13/2020,0.05
5/14/2020,0.05
5/15/2020,0.05
5/16/2020,0.05
5/17/2020,0.05
5/18/2020,0.05
5/19/2020,0.05
5/20/2020,0.05
5/21/2020,0.05
5/22/2020,0.05
5/23/2020,0.05
5/24/2020,0.05
5/25/2020,0.05
5/26/2020,0.05
5/27/2020,0.05
5/28/2020,0.05
5/29/2020,0.05
5/30/2020,0.05
5/31/2020,0.05
6/1/2020,0.08
6/2/2020,0.08
6/3/2020,0.08
6/4/2020,0.08
6/5/2020,0.08
6/6/2020,0.08
6/7/2020,0.08
6/8/2020,0.08
6/9/2020,0.08
6/10/2020,0.08
6/11/2020,0.08
6/12/2020,0.08
6/13/2020,0.08
6/14/2020,0.08
6/15/2020,0.08
6/16/2020,0.08
6/17/2020,0.08
6/18/2020,0.08
6/19/2020,0.08
6/20/2020,0.08
6/21/2020,0.08
6/22/2020,0.08
6/23/2020,0.08
6/24/2020,0.08
6/25/2020,0.08
6/26/2020,0.08
6/27/2020,0.08
6/28/2020,0.08
6/29/2020,0.08
6/30/2020,0.08
7/1/2020,0.09
7/2/2020,0.09
7/3/2020,0.09
7/4/2020,0.09
7/5/2020,0.09
7/6/2020,0.09
7/7/2020,0.09
7/8/2020,0.09
7/9/2020,0.09
7/10/2020,0.09
7/11/2020,0.09
7/12/2020,0.09
7/13/2020,0.09
7/14/2020,0.09
7/15/2020,0.09
7/16/2020,0.09
7/17/2020,0.09
7/18/2020,0.09
7/19/2020,0.09
7/20/2020,0.09
7/21/2020,0.09
7/22/2020,0.09
7/23/2020,0.09
7/24/2020,0.09
7/25/2020,0.09
7/26/2020,0.09
7/27/2020,0.09
7/28/2020,0.09
7/29/2020,0.09
7/30/2020,0.09
7/31/2020,0.09
8/1/2020,0.1
8/2/2020,0.1
8/3/2020,0.1
8/4/2020,0.1
8/5/2020,0.1
8/6/2020,0.1
8/7/2020,0.1
8/8/2020,0.1
8/9/2020,0.1
8/10/2020,0.1
8/11/2020,0.1
8/12/2020,0.1
8/13/2020,0.1
8/14/2020,0.1
8/15/2020,0.1
8/16/2020,0.1
8/17/2020,0.1
8/18/2020,0.1
8/19/2020,0.1
8/20/2020,0.1
8/21/2020,0.1
8/22/2020,0.1
8/23/2020,0.1
8/24/2020,0.1
8/25/2020,0.1
8/26/2020,0.1
8/27/2020,0.1
8/28/2020,0.1
8/29/2020,0.1
8/30/2020,0.1
8/31/2020,0.1
9/1/2020,0.09
9/2/2020,0.09
9/3/2020,0.09
9/4/2020,0.09
9/5/2020,0.09
9/6/2020,0.09
9/7/2020,0.09
9/8/2020,0.09
9/9/2020,0.09
9/10/2020,0.09
9/11/2020,0.09
9/12/2020,0.09
9/13/2020,0.09
9/14/2020,0.09
9/15/2020,0.09
9/16/2020,0.09
9/17/2020,0.09
9/18/2020,0.09
9/19/2020,0.09
9/20/2020,0.09
9/21/2020,0.09
9/22/2020,0.09
9/23/2020,0.09
9/24/2020,0.09
9/25/2020,0.09
9/26/2020,0.09
9/27/2020,0.09
9/28/2020,0.09
9/29/2020,0.09
9/30/2020,0.09
10/1/2020,0.09
10/2/2020,0.09
10/3/2020,0.09
10/4/2020,0.09
10/5/2020,0.09
10/6/2020,0.09
10/7/2020,0.09
10/8/2020,0.09
10/9/2020,0.09
10/10/2020,0.09
10/11/2020,0.09
10/12/2020,0.09
10/13/2020,0.09
10/14/2020,0.09
10/15/2020,0.09
10/16/2020,0.09
10/17/2020,0.09
10/18/2020,0.09
10/19/2020,0.09
10/20/2020,0.09
10/21/2020,0.09
10/22/2020,0.09
10/23/2020,0.09
10/24/2020,0.09
10/25/2020,0.09
10/26/2020,0.09
10/27/2020,0.09
10/28/2020,0.09
10/29/2020,0.09
10/30/2020,0.09
10/31/2020,0.09
11/1/2020,0.09
11/2/2020,0.09
11/3/2020,0.09
11/4/2020,0.09
11/5/2020,0.09
11/6/2020,0.09
11/7/2020,0.09
11/8/2020,0.09
11/9/2020,0.09
11/10/2020,0.09
11/11/2020,0.09
11/12/2020,0.09
11/13/2020,0.09
11/14/2020,0.09
11/15/2020,0.09
11/16/2020,0.09
11/17/2020,0.09
11/18/2020,0.09
11/19/2020,0.09
11/20/2020,0.09
11/21/2020,0.09
11/22/2020,0.09
11/23/2020,0.09
11/24/2020,0.09
11/25/2020,0.09
11/26/2020,0.09
11/27/2020,0.09
11/28/2020,0.09
11/29/2020,0.09
11/30/2020,0.09
12/1/2020,0.09
12/2/2020,0.09
12/3/2020,0.09
12/4/2020,0.09
12/5/2020,0.09
12/6/2020,0.09
12/7/2020,0.09
12/8/2020,0.09
12/9/2020,0.09
12/10/2020,0.09
12/11/2020,0.09
12/12/2020,0.09
12/13/2020,0.09
12/14/2020,0.09
12/15/2020,0.09
12/16/2020,0.09
12/17/2020,0.09
12/18/2020,0.09
12/19/2020,0.09
12/20/2020,0.09
12/21/2020,0.09
12/22/2020,0.09
12/23/2020,0.09
12/24/2020,0.09
12/25/2020,0.09
12/26/2020,0.09
12/27/2020,0.09
12/28/2020,0.09
12/29/2020,0.09
12/30/2020,0.09
12/31/2020,0.09
1/1/2021,0.09
1/2/2021,0.09
1/3/2021,0.09
1/4/2021,0.09
1/5/2021,0.09
1/6/2021,0.09
1/7/2021,0.09
1/8/2021,0.09
1/9/2021,0.09
1/10/2021,0.09
1/11/2021,0.09
1/12/2021,0.09
1/13/2021,0.09
1/14/2021,0.09
1/15/2021,0.09
1/16/2021,0.09
1/17/2021,0.09
1/18/2021,0.09
1/19/2021,0.09
1/20/2021,0.09
1/21/2021,0.09
1/22/2021,0.09
1/23/2021,0.09
1/24/2021,0.09
1/25/2021,0.09
1/26/2021,0.09
1/27/2021,0.09
1/28/2021,0.09
1/29/2021,0.09
1/30/2021,0.09
1/31/2021,0.09
2/1/2021,0.08
2/2/2021,0.08
2/3/2021,0.08
2/4/2021,0.08
2/5/2021,0.08
2/6/2021,0.08
2/7/2021,0.08
2/8/2021,0.08
2/9/2021,0.08
2/10/2021,0.08
2/11/2021,0.08
2/12/2021,0.08
2/13/2021,0.08
2/14/2021,0.08
2/15/2021,0.08
2/16/2021,0.08
2/17/2021,0.08
2/18/2021,0.08
2/19/2021,0.08
2/20/2021,0.08
2/21/2021,0.08
2/22/2021,0.08
2/23/2021,0.08
2/24/2021,0.08
2/25/2021,0.08
2/26/2021,0.08
2/27/2021,0.08
2/28/2021,0.08
3/1/2021,0.07
3/2/2021,0.07
3/3/2021,0.07
3/4/2021,0.07
3/5/2021,0.07
3/6/2021,0.07
3/7/2021,0.07
3/8/2021,0.07
3/9/2021,0.07
3/10/2021,0.07
3/11/2021,0.07
3/12/2021,0.07
3/13/2021,0.07
3/14/2021,0.07
3/15/2021,0.07
3/16/2021,0.07
3/17/2021,0.07
3/18/2021,0.07
3/19/2021,0.07
3/20/2021,0.07
3/21/2021,0.07
3/22/2021,0.07
3/23/2021,0.07
3/24/2021,0.07
3/25/2021,0.07
3/26/2021,0.07
3/27/2021,0.07
3/28/2021,0.07
3/29/2021,0.07
3/30/2021,0.07
3/31/2021,0.07
4/1/2021,0.07
4/2/2021,0.07
4/3/2021,0.07
4/4/2021,0.07
4/5/2021,0.07
4/6/2021,0.07
4/7/2021,0.07
4/8/2021,0.07
4/9/2021,0.07
4/10/2021,0.07
4/11/2021,0.07
4/12/2021,0.07
4/13/2021,0.07
4/14/2021,0.07
4/15/2021,0.07
4/16/2021,0.07
4/17/2021,0.07
4/18/2021,0.07
4/19/2021,0.07
4/20/2021,0.07
4/21/2021,0.07
4/22/2021,0.07
4/23/2021,0.07
4/24/2021,0.07
4/25/2021,0.07
4/26/2021,0.07
4/27/2021,0.07
4/28/2021,0.07
4/29/2021,0.07
4/30/2021,0.07
5/1/2021,0.06
5/2/2021,0.06
5/3/2021,0.06
5/4/2021,0.06
5/5/2021,0.06
5/6/2021,0.06
5/7/2021,0.06
5/8/2021,0.06
5/9/2021,0.06
5/10/2021,0.06
5/11/2021,0.06
5/12/2021,0.06
5/13/2021,0.06
5/14/2021,0.06
5/15/2021,0.06
5/16/2021,0.06
5/17/2021,0.06
5/18/2021,0.06
5/19/2021,0.06
5/20/2021,0.06
5/21/2021,0.06
5/22/2021,0.06
5/23/2021,0.06
5/24/2021,0.06
5/25/2021,0.06
5/26/2021,0.06
5/27/2021,0.06
5/28/2021,0.06
5/29/2021,0.06
5/30/2021,0.06
5/31/2021,0.06
6/1/2021,0.08
6/2/2021,0.08
6/3/2021,0.08
6/4/2021,0.08
6/5/2021,0.08
6/6/2021,0.08
6/7/2021,0.08
6/8/2021,0.08
6/9/2021,0.08
6/10/2021,0.08
6/11/2021,0.08
6/12/2021,0.08
6/13/2021,0.08
6/14/2021,0.08
6/15/2021,0.08
6/16/2021,0.08
6/17/2021,0.08
6/18/2021,0.08
6/19/2021,0.08
6/20/2021,0.08
6/21/2021,0.08
6/22/2021,0.08
6/23/2021,0.08
6/24/2021,0.08
6/25/2021,0.08
6/26/2021,0.08
6/27/2021,0.08
6/28/2021,0.08
6/29/2021,0.08
6/30/2021,0.08
7/1/2021,0.1
7/2/2021,0.1
7/3/2021,0.1
7/4/2021,0.1
7/5/2021,0.1
7/6/2021,0.1
7/7/2021,0.1
7/8/2021,0.1
7/9/2021,0.1
7/10/2021,0.1
7/11/2021,0.1
7/12/2021,0.1
7/13/2021,0.1
7/14/2021,0.1
7/15/2021,0.1
7/16/2021,0.1
7/17/2021,0.1
7/18/2021,0.1
7/19/2021,0.1
7/20/2021,0.1
7/21/2021,0.1
7/22/2021,0.1
7/23/2021,0.1
7/24/2021,0.1
7/25/2021,0.1
7/26/2021,0.1
7/27/2021,0.1
7/28/2021,0.1
7/29/2021,0.1
7/30/2021,0.1
7/31/2021,0.1
8/1/2021,0.09
8/2/2021,0.09
8/3/2021,0.09
8/4/2021,0.09
8/5/2021,0.09
8/6/2021,0.09
8/7/2021,0.09
8/8/2021,0.09
8/9/2021,0.09
8/10/2021,0.09
8/11/2021,0.09
8/12/2021,0.09
8/13/2021,0.09
8/14/2021,0.09
8/15/2021,0.09
8/16/2021,0.09
8/17/2021,0.09
8/18/2021,0.09
8/19/2021,0.09
8/20/2021,0.09
8/21/2021,0.09
8/22/2021,0.09
8/23/2021,0.09
8/24/2021,0.09
8/25/2021,0.09
8/26/2021,0.09
8/27/2021,0.09
8/28/2021,0.09
8/29/2021,0.09
8/30/2021,0.09
8/31/2021,0.09
9/1/2021,0.08
9/2/2021,0.08
9/3/2021,0.08
9/4/2021,0.08
9/5/2021,0.08
9/6/2021,0.08
9/7/2021,0.08
9/8/2021,0.08
9/9/2021,0.08
9/10/2021,0.08
9/11/2021,0.08
9/12/2021,0.08
9/13/2021,0.08
9/14/2021,0.08
9/15/2021,0.08
9/16/2021,0.08
9/17/2021,0.08
9/18/2021,0.08
9/19/2021,0.08
9/20/2021,0.08
9/21/2021,0.08
9/22/2021,0.08
9/23/2021,0.08
9/24/2021,0.08
9/25/2021,0.08
9/26/2021,0.08
9/27/2021,0.08
9/28/2021,0.08
9/29/2021,0.08
9/30/2021,0.08
10/1/2021,0.08
10/2/2021,0.08
10/3/2021,0.08
10/4/2021,0.08
10/5/2021,0.08
10/6/2021,0.08
10/7/2021,0.08
10/8/2021,0.08
10/9/2021,0.08
10/10/2021,0.08
10/11/2021,0.08
10/12/2021,0.08
10/13/2021,0.08
10/14/2021,0.08
10/15/2021,0.08
10/16/2021,0.08
10/17/2021,0.08
10/18/2021,0.08
10/19/2021,0.08
10/20/2021,0.08
10/21/2021,0.08
10/22/2021,0.08
10/23/2021,0.08
10/24/2021,0.08
10/25/2021,0.08
10/26/2021,0.08
10/27/2021,0.08
10/28/2021,0.08
10/29/2021,0.08
10/30/2021,0.08
10/31/2021,0.08
11/1/2021,0.08
11/2/2021,0.08
11/3/2021,0.08
11/4/2021,0.08
11/5/2021,0.08
11/6/2021,0.08
11/7/2021,0.08
11/8/2021,0.08
11/9/2021,0.08
11/10/2021,0.08
11/11/2021,0.08
11/12/2021,0.08
11/13/2021,0.08
11/14/2021,0.08
11/15/2021,0.08
11/16/2021,0.08
11/17/2021,0.08
11/18/2021,0.08
11/19/2021,0.08
11/20/2021,0.08
11/21/2021,0.08
11/22/2021,0.08
11/23/2021,0.08
11/24/2021,0.08
11/25/2021,0.08
11/26/2021,0.08
11/27/2021,0.08
11/28/2021,0.08
11/29/2021,0.08
11/30/2021,0.08
12/1/2021,0.08
12/2/2021,0.08
12/3/2021,0.08
12/4/2021,0.08
12/5/2021,0.08
12/6/2021,0.08
12/7/2021,0.08
12/8/2021,0.08
12/9/2021,0.08
12/10/2021,0.08
12/11/2021,0.08
12/12/2021,0.08
12/13/2021,0.08
12/14/2021,0.08
12/15/2021,0.08
12/16/2021,0.08
12/17/2021,0.08
12/18/2021,0.08
12/19/2021,0.08
12/20/2021,0.08
12/21/2021,0.08
12/22/2021,0.08
12/23/2021,0.08
12/24/2021,0.08
12/25/2021,0.08
12/26/2021,0.08
12/27/2021,0.08
12/28/2021,0.08
12/29/2021,0.08
12/30/2021,0.08
12/31/2021,0.08
1/1/2022,0.08
1/2/2022,0.08
1/3/2022,0.08
1/4/2022,0.08
1/5/2022,0.08
1/6/2022,0.08
1/7/2022,0.08
1/8/2022,0.08
1/9/2022,0.08
1/10/2022,0.08
1/11/2022,0.08
1/12/2022,0.08
1/13/2022,0.08
1/14/2022,0.08
1/15/2022,0.08
1/16/2022,0.08
1/17/2022,0.08
1/18/2022,0.08
1/19/2022,0.08
1/20/2022,0.08
1/21/2022,0.08
1/22/2022,0.08
1/23/2022,0.08
1/24/2022,0.08
1/25/2022,0.08
1/26/2022,0.08
1/27/2022,0.08
1/28/2022,0.08
1/29/2022,0.08
1/30/2022,0.08
1/31/2022,0.08
2/1/2022,0.08
2/2/2022,0.08
2/3/2022,0.08
2/4/2022,0.08
2/5/2022,0.08
2/6/2022,0.08
2/7/2022,0.08
2/8/2022,0.08
2/9/2022,0.08
2/10/2022,0.08
2/11/2022,0.08
2/12/2022,0.08
2/13/2022,0.08
2/14/2022,0.08
2/15/2022,0.08
2/16/2022,0.08
2/17/2022,0.08
2/18/2022,0.08
2/19/2022,0.08
2/20/2022,0.08
2/21/2022,0.08
2/22/2022,0.08
2/23/2022,0.08
2/24/2022,0.08
2/25/2022,0.08
2/26/2022,0.08
2/27/2022,0.08
2/28/2022,0.08
3/1/2022,0.2
3/2/2022,0.2
3/3/2022,0.2
3/4/2022,0.2
3/5/2022,0.2
3/6/2022,0.2
3/7/2022,0.2
3/8/2022,0.2
3/9/2022,0.2
3/10/2022,0.2
3/11/2022,0.2
3/12/2022,0.2
3/13/2022,0.2
3/14/2022,0.2
3/15/2022,0.2
3/16/2022,0.2
3/17/2022,0.2
3/18/2022,0.2
3/19/2022,0.2
3/20/2022,0.2
3/21/2022,0.2
3/22/2022,0.2
3/23/2022,0.2
3/24/2022,0.2
3/25/2022,0.2
3/26/2022,0.2
3/27/2022,0.2
3/28/2022,0.2
3/29/2022,0.2
3/30/2022,0.2
3/31/2022,0.2
4/1/2022,0.33
4/2/2022,0.33
4/3/2022,0.33
4/4/2022,0.33
4/5/2022,0.33
4/6/2022,0.33
4/7/2022,0.33
4/8/2022,0.33
4/9/2022,0.33
4/10/2022,0.33
4/11/2022,0.33
4/12/2022,0.33
4/13/2022,0.33
4/14/2022,0.33
4/15/2022,0.33
4/16/2022,0.33
4/17/2022,0.33
4/18/2022,0.33
4/19/2022,0.33
4/20/2022,0.33
4/21/2022,0.33
4/22/2022,0.33
4/23/2022,0.33
4/24/2022,0.33
4/25/2022,0.33
4/26/2022,0.33
4/27/2022,0.33
4/28/2022,0.33
4/29/2022,0.33
4/30/2022,0.33
5/1/2022,0.77
5/2/2022,0.77
5/3/2022,0.77
5/4/2022,0.77
5/5/2022,0.77
5/6/2022,0.77
5/7/2022,0.77
5/8/2022,0.77
5/9/2022,0.77
5/10/2022,0.77
5/11/2022,0.77
5/12/2022,0.77
5/13/2022,0.77
5/14/2022,0.77
5/15/2022,0.77
5/16/2022,0.77
5/17/2022,0.77
5/18/2022,0.77
5/19/2022,0.77
5/20/2022,0.77
5/21/2022,0.77
5/22/2022,0.77
5/23/2022,0.77
5/24/2022,0.77
5/25/2022,0.77
5/26/2022,0.77
5/27/2022,0.77
5/28/2022,0.77
5/29/2022,0.77
5/30/2022,0.77
5/31/2022,0.77
6/1/2022,1.21
6/2/2022,1.21
6/3/2022,1.21
6/4/2022,1.21
6/5/2022,1.21
6/6/2022,1.21
6/7/2022,1.21
6/8/2022,1.21
6/9/2022,1.21
6/10/2022,1.21
6/11/2022,1.21
6/12/2022,1.21
6/13/2022,1.21
6/14/2022,1.21
6/15/2022,1.21
6/16/2022,1.21
6/17/2022,1.21
6/18/2022,1.21
6/19/2022,1.21
6/20/2022,1.21
6/21/2022,1.21
6/22/2022,1.21
6/23/2022,1.21
6/24/2022,1.21
6/25/2022,1.21
6/26/2022,1.21
6/27/2022,1.21
6/28/2022,1.21
6/29/2022,1.21
6/30/2022,1.21
7/1/2022,1.68
7/2/2022,1.68
7/3/2022,1.68
7/4/2022,1.68
7/5/2022,1.68
7/6/2022,1.68
7/7/2022,1.68
7/8/2022,1.68
7/9/2022,1.68
7/10/2022,1.68
7/11/2022,1.68
7/12/2022,1.68
7/13/2022,1.68
7/14/2022,1.68
7/15/2022,1.68
7/16/2022,1.68
7/17/2022,1.68
7/18/2022,1.68
7/19/2022,1.68
7/20/2022,1.68
7/21/2022,1.68
7/22/2022,1.68
7/23/2022,1.68
7/24/2022,1.68
7/25/2022,1.68
7/26/2022,1.68
7/27/2022,1.68
7/28/2022,1.68
7/29/2022,1.68
7/30/2022,1.68
7/31/2022,1.68
8/1/2022,2.33
8/2/2022,2.33
8/3/2022,2.33
8/4/2022,2.33
8/5/2022,2.33
8/6/2022,2.33
8/7/2022,2.33
8/8/2022,2.33
8/9/2022,2.33
8/10/2022,2.33
8/11/2022,2.33
8/12/2022,2.33
8/13/2022,2.33
8/14/2022,2.33
8/15/2022,2.33
8/16/2022,2.33
8/17/2022,2.33
8/18/2022,2.33
8/19/2022,2.33
8/20/2022,2.33
8/21/2022,2.33
8/22/2022,2.33
8/23/2022,2.33
8/24/2022,2.33
8/25/2022,2.33
8/26/2022,2.33
8/27/2022,2.33
8/28/2022,2.33
8/29/2022,2.33
8/30/2022,2.33
8/31/2022,2.33
9/1/2022,2.56
9/2/2022,2.56
9/3/2022,2.56
9/4/2022,2.56
9/5/2022,2.56
9/6/2022,2.56
9/7/2022,2.56
9/8/2022,2.56
9/9/2022,2.56
9/10/2022,2.56
9/11/2022,2.56
9/12/2022,2.56
9/13/2022,2.56
9/14/2022,2.56
9/15/2022,2.56
9/16/2022,2.56
9/17/2022,2.56
9/18/2022,2.56
9/19/2022,2.56
9/20/2022,2.56
9/21/2022,2.56
9/22/2022,2.56
9/23/2022,2.56
9/24/2022,2.56
9/25/2022,2.56
9/26/2022,2.56
9/27/2022,2.56
9/28/2022,2.56
9/29/2022,2.56
9/30/2022,2.56
10/1/2022,3.08
10/2/2022,3.08
10/3/2022,3.08
10/4/2022,3.08
10/5/2022,3.08
10/6/2022,3.08
10/7/2022,3.08
10/8/2022,3.08
10/9/2022,3.08
10/10/2022,3.08
10/11/2022,3.08
10/12/2022,3.08
10/13/2022,3.08
10/14/2022,3.08
10/15/2022,3.08
10/16/2022,3.08
10/17/2022,3.08
10/18/2022,3.08
10/19/2022,3.08
10/20/2022,3.08
10/21/2022,3.08
10/22/2022,3.08
10/23/2022,3.08
10/24/2022,3.08
10/25/2022,3.08
10/26/2022,3.08
10/27/2022,3.08
10/28/2022,3.08
10/29/2022,3.08
10/30/2022,3.08
10/31/2022,3.08
11/1/2022,3.78
11/2/2022,3.78
11/3/2022,3.78
11/4/2022,3.78
11/5/2022,3.78
11/6/2022,3.78
11/7/2022,3.78
11/8/2022,3.78
11/9/2022,3.78
11/10/2022,3.78
11/11/2022,3.78
11/12/2022,3.78
11/13/2022,3.78
11/14/2022,3.78
11/15/2022,3.78
11/16/2022,3.78
11/17/2022,3.78
11/18/2022,3.78
11/19/2022,3.78
11/20/2022,3.78
11/21/2022,3.78
11/22/2022,3.78
11/23/2022,3.78
11/24/2022,3.78
11/25/2022,3.78
11/26/2022,3.78
11/27/2022,3.78
11/28/2022,3.78
11/29/2022,3.78
11/30/2022,3.78
12/1/2022,4.1
12/2/2022,4.1
12/3/2022,4.1
12/4/2022,4.1
12/5/2022,4.1
12/6/2022,4.1
12/7/2022,4.1
12/8/2022,4.1
12/9/2022,4.1
12/10/2022,4.1
12/11/2022,4.1
12/12/2022,4.1
12/13/2022,4.1
12/14/2022,4.1
12/15/2022,4.1
12/16/2022,4.1
12/17/2022,4.1
12/18/2022,4.1
12/19/2022,4.1
12/20/2022,4.1
12/21/2022,4.1
12/22/2022,4.1
12/23/2022,4.1
12/24/2022,4.1
12/25/2022,4.1
12/26/2022,4.1
12/27/2022,4.1
12/28/2022,4.1
12/29/2022,4.1
12/30/2022,4.1
12/31/2022,4.1
1/1/2023,4.33
1/2/2023,4.33
1/3/2023,4.33
1/4/2023,4.33
1/5/2023,4.33
1/6/2023,4.33
1/7/2023,4.33
1/8/2023,4.33
1/9/2023,4.33
1/10/2023,4.33
1/11/2023,4.33
1/12/2023,4.33
1/13/2023,4.33
1/14/2023,4.33
1/15/2023,4.33
1/16/2023,4.33
1/17/2023,4.33
1/18/2023,4.33
1/19/2023,4.33
1/20/2023,4.33
1/21/2023,4.33
1/22/2023,4.33
1/23/2023,4.33
1/24/2023,4.33
1/25/2023,4.33
1/26/2023,4.33
1/27/2023,4.33
1/28/2023,4.33
1/29/2023,4.33
1/30/2023,4.33
1/31/2023,4.33
2/1/2023,4.57
2/2/2023,4.57
2/3/2023,4.57
2/4/2023,4.57
2/5/2023,4.57
2/6/2023,4.57
2/7/2023,4.57
2/8/2023,4.57
2/9/2023,4.57
2/10/2023,4.57
2/11/2023,4.57
2/12/2023,4.57
2/13/2023,4.57
2/14/2023,4.57
2/15/2023,4.57
2/16/2023,4.57
2/17/2023,4.57
2/18/2023,4.57
2/19/2023,4.57
2/20/2023,4.57
2/21/2023,4.57
2/22/2023,4.57
2/23/2023,4.57
2/24/2023,4.57
2/25/2023,4.57
2/26/2023,4.57
2/27/2023,4.57
2/28/2023,4.57
3/1/2023,4.65
3/2/2023,4.65
3/3/2023,4.65
3/4/2023,4.65
3/5/2023,4.65
3/6/2023,4.65
3/7/2023,4.65
3/8/2023,4.65
3/9/2023,4.65
3/10/2023,4.65
3/11/2023,4.65
3/12/2023,4.65
3/13/2023,4.65
3/14/2023,4.65
3/15/2023,4.65
3/16/2023,4.65
3/17/2023,4.65
3/18/2023,4.65
3/19/2023,4.65
3/20/2023,4.65
3/21/2023,4.65
3/22/2023,4.65
3/23/2023,4.65
3/24/2023,4.65
3/25/2023,4.65
3/26/2023,4.65
3/27/2023,4.65
3/28/2023,4.65
3/29/2023,4.65
3/30/2023,4.65
3/31/2023,4.65
4/1/2023,4.83
4/2/2023,4.83
4/3/2023,4.83
4/4/2023,4.83
4/5/2023,4.83
4/6/2023,4.83
4/7/2023,4.83
4/8/2023,4.83
4/9/2023,4.83
4/10/2023,4.83
4/11/2023,4.83
4/12/2023,4.83
4/13/2023,4.83
4/14/2023,4.83
4/15/2023,4.83
4/16/2023,4.83
4/17/2023,4.83
4/18/2023,4.83
4/19/2023,4.83
4/20/2023,4.83
4/21/2023,4.83
4/22/2023,4.83
4/23/2023,4.83
4/24/2023,4.83
4/25/2023,4.83
4/26/2023,4.83
4/27/2023,4.83
4/28/2023,4.83
4/29/2023,4.83
4/30/2023,4.83
5/1/2023,5.06
5/2/2023,5.06
5/3/2023,5.06
5/4/2023,5.06
5/5/2023,5.06
5/6/2023,5.06
5/7/2023,5.06
5/8/2023,5.06
5/9/2023,5.06
5/10/2023,5.06
5/11/2023,5.06
5/12/2023,5.06
5/13/2023,5.06
5/14/2023,5.06
5/15/2023,5.06
5/16/2023,5.06
5/17/2023,5.06
5/18/2023,5.06
5/19/2023,5.06
5/20/2023,5.06
5/21/2023,5.06
5/22/2023,5.06
5/23/2023,5.06
5/24/2023,5.06
5/25/2023,5.06
5/26/2023,5.06
5/27/2023,5.06
5/28/2023,5.06
5/29/2023,5.06
5/30/2023,5.06
5/31/2023,5.06
6/1/2023,5.08
6/2/2023,5.08
6/3/2023,5.08
6/4/2023,5.08
6/5/2023,5.08
6/6/2023,5.08
6/7/2023,5.08
6/8/2023,5.08
6/9/2023,5.08
6/10/2023,5.08
6/11/2023,5.08
6/12/2023,5.08
6/13/2023,5.08
6/14/2023,5.08
6/15/2023,5.08
6/16/2023,5.08
6/17/2023,5.08
6/18/2023,5.08
6/19/2023,5.08
6/20/2023,5.08
6/21/2023,5.08
6/22/2023,5.08
6/23/2023,5.08
6/24/2023,5.08
6/25/2023,5.08
6/26/2023,5.08
6/27/2023,5.08
6/28/2023,5.08
6/29/2023,5.08
6/30/2023,5.08
7/1/2023,5.12
7/2/2023,5.12
7/3/2023,5.12
7/4/2023,5.12
7/5/2023,5.12
7/6/2023,5.12
7/7/2023,5.12
7/8/2023,5.12
7/9/2023,5.12
7/10/2023,5.12
7/11/2023,5.12
7/12/2023,5.12
7/13/2023,5.12
7/14/2023,5.12
7/15/2023,5.12
7/16/2023,5.12
7/17/2023,5.12
7/18/2023,5.12
7/19/2023,5.12
7/20/2023,5.12
7/21/2023,5.12
7/22/2023,5.12
7/23/2023,5.12
7/24/2023,5.12
7/25/2023,5.12
7/26/2023,5.12
7/27/2023,5.12
7/28/2023,5.12
7/29/2023,5.12
7/30/2023,5.12
7/31/2023,5.12
8/1/2023,5.33
8/2/2023,5.33
8/3/2023,5.33
8/4/2023,5.33
8/5/2023,5.33
8/6/2023,5.33
8/7/2023,5.33
8/8/2023,5.33
8/9/2023,5.33
8/10/2023,5.33
8/11/2023,5.33
8/12/2023,5.33
8/13/2023,5.33
8/14/2023,5.33
8/15/2023,5.33
8/16/2023,5.33
8/17/2023,5.33
8/18/2023,5.33
8/19/2023,5.33
8/20/2023,5.33
8/21/2023,5.33
8/22/2023,5.33
8/23/2023,5.33
8/24/2023,5.33
8/25/2023,5.33
8/26/2023,5.33
8/27/2023,5.33
8/28/2023,5.33
8/29/2023,5.33
8/30/2023,5.33
8/31/2023,5.33
9/1/2023,5.33
9/2/2023,5.33
9/3/2023,5.33
9/4/2023,5.33
9/5/2023,5.33
9/6/2023,5.33
9/7/2023,5.33
9/8/2023,5.33
9/9/2023,5.33
9/10/2023,5.33
9/11/2023,5.33
9/12/2023,5.33
9/13/2023,5.33
9/14/2023,5.33
9/15/2023,5.33
9/16/2023,5.33
9/17/2023,5.33
9/18/2023,5.33
9/19/2023,5.33
9/20/2023,5.33
9/21/2023,5.33
9/22/2023,5.33
9/23/2023,5.33
9/24/2023,5.33
9/25/2023,5.33
9/26/2023,5.33
9/27/2023,5.33
9/28/2023,5.33
9/29/2023,5.33
9/30/2023,5.33
10/1/2023,5.33
10/2/2023,5.33
10/3/2023,5.33
10/4/2023,5.33
10/5/2023,5.33
10/6/2023,5.33
10/7/2023,5.33
10/8/2023,5.33
10/9/2023,5.33
10/10/2023,5.33
10/11/2023,5.33
10/12/2023,5.33
10/13/2023,5.33
10/14/2023,5.33
10/15/2023,5.33
10/16/2023,5.33
10/17/2023,5.33
10/18/2023,5.33
10/19/2023,5.33
10/20/2023,5.33
10/21/2023,5.33
10/22/2023,5.33
10/23/2023,5.33
10/24/2023,5.33
10/25/2023,5.33
10/26/2023,5.33
10/27/2023,5.33
10/28/2023,5.33
10/29/2023,5.33
10/30/2023,5.33
10/31/2023,5.33
11/1/2023,5.33
11/2/2023,5.33
11/3/2023,5.33
11/4/2023,5.33
11/5/2023,5.33
11/6/2023,5.33
11/7/2023,5.33
11/8/2023,5.33
11/9/2023,5.33
11/10/2023,5.33
11/11/2023,5.33
11/12/2023,5.33
11/13/2023,5.33
11/14/2023,5.33
11/15/2023,5.33
11/16/2023,5.33
11/17/2023,5.33
11/18/2023,5.33
11/19/2023,5.33
11/20/2023,5.33
11/21/2023,5.33
11/22/2023,5.33
11/23/2023,5.33
11/24/2023,5.33
11/25/2023,5.33
11/26/2023,5.33
11/27/2023,5.33
11/28/2023,5.33
11/29/2023,5.33
11/30/2023,5.33
12/1/2023,5.33
12/2/2023,5.33
12/3/2023,5.33
12/4/2023,5.33
12/5/2023,5.33
12/6/2023,5.33
12/7/2023,5.33
12/8/2023,5.33
12/9/2023,5.33
12/10/2023,5.33
12/11/2023,5.33
12/12/2023,5.33
12/13/2023,5.33
12/14/2023,5.33
12/15/2023,5.33
12/16/2023,5.33
12/17/2023,5.33
12/18/2023,5.33
12/19/2023,5.33
12/20/2023,5.33
12/21/2023,5.33
12/22/2023,5.33
12/23/2023,5.33
12/24/2023,5.33
12/25/2023,5.33
12/26/2023,5.33
12/27/2023,5.33
12/28/2023,5.33
12/29/2023,5.33
12/30/2023,5.33
12/31/2023,5.33
1/1/2024,5.33
1/2/2024,5.33
1/3/2024,5.33
1/4/2024,5.33
1/5/2024,5.33
1/6/2024,5.33
1/7/2024,5.33
1/8/2024,5.33
1/9/2024,5.33
1/10/2024,5.33
1/11/2024,5.33
1/12/2024,5.33
1/13/2024,5.33
1/14/2024,5.33
1/15/2024,5.33
1/16/2024,5.33
1/17/2024,5.33
1/18/2024,5.33
1/19/2024,5.33
1/20/2024,5.33
1/21/2024,5.33
1/22/2024,5.33
1/23/2024,5.33
1/24/2024,5.33
1/25/2024,5.33
1/26/2024,5.33
1/27/2024,5.33
1/28/2024,5.33
1/29/2024,5.33
1/30/2024,5.33
1/31/2024,5.33
2/1/2024,5.33
2/2/2024,5.33
2/3/2024,5.33
2/4/2024,5.33
2/5/2024,5.33
2/6/2024,5.33
2/7/2024,5.33
2/8/2024,5.33
2/9/2024,5.33
2/10/2024,5.33
2/11/2024,5.33
2/12/2024,5.33
2/13/2024,5.33
2/14/2024,5.33
2/15/2024,5.33
2/16/2024,5.33
2/17/2024,5.33
2/18/2024,5.33
2/19/2024,5.33
2/20/2024,5.33
2/21/2024,5.33
2/22/2024,5.33
2/23/2024,5.33
2/24/2024,5.33
2/25/2024,5.33
2/26/2024,5.33
2/27/2024,5.33
2/28/2024,5.33
2/29/2024,5.33
3/1/2024,5.33
3/2/2024,5.33
3/3/2024,5.33
3/4/2024,5.33
3/5/2024,5.33
3/6/2024,5.33
3/7/2024,5.33
3/8/2024,5.33
3/9/2024,5.33
3/10/2024,5.33
3/11/2024,5.33
3/12/2024,5.33
3/13/2024,5.33
3/14/2024,5.33
3/15/2024,5.33
3/16/2024,5.33
3/17/2024,5.33
3/18/2024,5.33
3/19/2024,5.33
3/20/2024,5.33
3/21/2024,5.33
3/22/2024,5.33
3/23/2024,5.33
3/24/2024,5.33
3/25/2024,5.33
3/26/2024,5.33
3/27/2024,5.33
3/28/2024,5.33
3/29/2024,5.33
3/30/2024,5.33
3/31/2024,5.33
4/1/2024,5.33
4/2/2024,5.33
4/3/2024,5.33
4/4/2024,5.33
4/5/2024,5.33
4/6/2024,5.33
4/7/2024,5.33
4/8/2024,5.33
4/9/2024,5.33
4/10/2024,5.33
4/11/2024,5.33
4/12/2024,5.33
4/13/2024,5.33
4/14/2024,5.33
4/15/2024,5.33
4/16/2024,5.33
4/17/2024,5.33
4/18/2024,5.33
4/19/2024,5.33
4/20/2024,5.33
4/21/2024,5.33
4/22/2024,5.33
4/23/2024,5.33
4/24/2024,5.33
4/25/2024,5.33
4/26/2024,5.33
4/27/2024,5.33
4/28/2024,5.33
4/29/2024,5.33
4/30/2024,5.33
5/1/2024,5.33
5/2/2024,5.33
5/3/2024,5.33
5/4/2024,5.33
5/5/2024,5.33
5/6/2024,5.33
5/7/2024,5.33
5/8/2024,5.33
5/9/2024,5.33
5/10/2024,5.33
5/11/2024,5.33
5/12/2024,5.33
5/13/2024,5.33
5/14/2024,5.33
5/15/2024,5.33
5/16/2024,5.33
5/17/2024,5.33
5/18/2024,5.33
5/19/2024,5.33
5/20/2024,5.33
5/21/2024,5.33
5/22/2024,5.33
5/23/2024,5.33
5/24/2024,5.33
5/25/2024,5.33
5/26/2024,5.33
5/27/2024,5.33
5/28/2024,5.33
5/29/2024,5.33
5/30/2024,5.33
5/31/2024,5.33
6/1/2024,5.33
6/2/2024,5.33
6/3/2024,5.33
6/4/2024,5.33
6/5/2024,5.33
6/6/2024,5.33
6/7/2024,5.33
6/8/2024,5.33
6/9/2024,5.33
6/10/2024,5.33
6/11/2024,5.33
6/12/2024,5.33
6/13/2024,5.33
6/14/2024,5.33
6/15/2024,5.33
6/16/2024,5.33
6/17/2024,5.33
6/18/2024,5.33
6/19/2024,5.33
6/20/2024,5.33
6/21/2024,5.33
6/22/2024,5.33
6/23/2024,5.33
6/24/2024,5.33
6/25/2024,5.33
6/26/2024,5.33
6/27/2024,5.33
6/28/2024,5.33
6/29/2024,5.33
6/30/2024,5.33
7/1/2024,5.33
7/2/2024,5.33
7/3/2024,5.33
7/4/2024,5.33
7/5/2024,5.33
7/6/2024,5.33
7/7/2024,5.33
7/8/2024,5.33
7/9/2024,5.33
7/10/2024,5.33
7/11/2024,5.33
7/12/2024,5.33
7/13/2024,5.33
7/14/2024,5.33
7/15/2024,5.33
7/16/2024,5.33
7/17/2024,5.33
7/18/2024,5.33
7/19/2024,5.33
7/20/2024,5.33
7/21/2024,5.33
7/22/2024,5.33
7/23/2024,5.33
7/24/2024,5.33
7/25/2024,5.33
7/26/2024,5.33
7/27/2024,5.33
7/28/2024,5.33
7/29/2024,5.33
7/30/2024,5.33
7/31/2024,5.33
8/1/2024,5.33
8/2/2024,5.33
8/3/2024,5.33
8/4/2024,5.33
8/5/2024,5.33
8/6/2024,5.33
8/7/2024,5.33
8/8/2024,5.33
8/9/2024,5.33
8/10/2024,5.33
8/11/2024,5.33
8/12/2024,5.33
8/13/2024,5.33
8/14/2024,5.33
8/15/2024,5.33
8/16/2024,5.33
8/17/2024,5.33
8/18/2024,5.33
8/19/2024,5.33
8/20/2024,5.33
8/21/2024,5.33
8/22/2024,5.33
8/23/2024,5.33
8/24/2024,5.33
8/25/2024,5.33
8/26/2024,5.33
8/27/2024,5.33
8/28/2024,5.33
8/29/2024,5.33
8/30/2024,5.33
8/31/2024,5.33
9/1/2024,5.13
9/2/2024,5.13
9/3/2024,5.13
9/4/2024,5.13
9/5/2024,5.13
9/6/2024,5.13
9/7/2024,5.13
9/8/2024,5.13
9/9/2024,5.13
9/10/2024,5.13
9/11/2024,5.13
9/12/2024,5.13
9/13/2024,5.13
9/14/2024,5.13
9/15/2024,5.13
9/16/2024,5.13
9/17/2024,5.13
9/18/2024,5.13
9/19/2024,5.13
9/20/2024,5.13
9/21/2024,5.13
9/22/2024,5.13
9/23/2024,5.13
9/24/2024,5.13
9/25/2024,5.13
9/26/2024,5.13
9/27/2024,5.13
9/28/2024,5.13
9/29/2024,5.13
9/30/2024,5.13
10/1/2024,4.83
10/2/2024,4.83
10/3/2024,4.83
10/4/2024,4.83
10/5/2024,4.83
10/6/2024,4.83
10/7/2024,4.83
10/8/2024,4.83
10/9/2024,4.83
10/10/2024,4.83
10/11/2024,4.83
10/12/2024,4.83
10/13/2024,4.83
10/14/2024,4.83
10/15/2024,4.83
10/16/2024,4.83
10/17/2024,4.83
10/18/2024,4.83
10/19/2024,4.83
10/20/2024,4.83
10/21/2024,4.83
10/22/2024,4.83
10/23/2024,4.83
10/24/2024,4.83
10/25/2024,4.83
10/26/2024,4.83
10/27/2024,4.83
10/28/2024,4.83
10/29/2024,4.83
10/30/2024,4.83
10/31/2024,4.83
11/1/2024,4.64
11/2/2024,4.64
11/3/2024,4.64
11/4/2024,4.64
11/5/2024,4.64
11/6/2024,4.64
11/7/2024,4.64
11/8/2024,4.64
11/9/2024,4.64
11/10/2024,4.64
11/11/2024,4.64
11/12/2024,4.64
11/13/2024,4.64
11/14/2024,4.64
11/15/2024,4.64
11/16/2024,4.64
11/17/2024,4.64
11/18/2024,4.64
11/19/2024,4.64
11/20/2024,4.64
11/21/2024,4.64
11/22/2024,4.64
11/23/2024,4.64
11/24/2024,4.64
11/25/2024,4.64
11/26/2024,4.64
11/27/2024,4.64
11/28/2024,4.64
11/29/2024,4.64
11/30/2024,4.64
12/1/2024,4.48
12/2/2024,4.48
12/3/2024,4.48
12/4/2024,4.48
12/5/2024,4.48
12/6/2024,4.48
12/7/2024,4.48
12/8/2024,4.48
12/9/2024,4.48
12/10/2024,4.48
12/11/2024,4.48
12/12/2024,4.48
12/13/2024,4.48
12/14/2024,4.48
12/15/2024,4.48
12/16/2024,4.48
12/17/2024,4.48
12/18/2024,4.48
12/19/2024,4.48
12/20/2024,4.48
12/21/2024,4.48
12/22/2024,4.48
12/23/2024,4.48
12/24/2024,4.48
12/25/2024,4.48
12/26/2024,4.48
12/27/2024,4.48
12/28/2024,4.48
12/29/2024,4.48
12/30/2024,4.48
12/31/2024,4.48
1/1/2025,4.33
1/2/2025,4.33
1/3/2025,4.33
1/4/2025,4.33
1/5/2025,4.33
1/6/2025,4.33
1/7/2025,4.33
1/8/2025,4.33
1/9/2025,4.33
1/10/2025,4.33
1/11/2025,4.33
1/12/2025,4.33
1/13/2025,4.33
1/14/2025,4.33
1/15/2025,4.33
1/16/2025,4.33
1/17/2025,4.33
1/18/2025,4.33
1/19/2025,4.33
1/20/2025,4.33
1/21/2025,4.33
1/22/2025,4.33
1/23/2025,4.33
1/24/2025,4.33
1/25/2025,4.33
1/26/2025,4.33
1/27/2025,4.33
1/28/2025,4.33
1/29/2025,4.33
1/30/2025,4.33
1/31/2025,4.33
2/1/2025,4.33
2/2/2025,4.33
2/3/2025,4.33
2/4/2025,4.33
2/5/2025,4.33
2/6/2025,4.33
2/7/2025,4.33
2/8/2025,4.33
2/9/2025,4.33
2/10/2025,4.33
2/11/2025,4.33
2/12/2025,4.33
2/13/2025,4.33
2/14/2025,4.33
2/15/2025,4.33
2/16/2025,4.33
2/17/2025,4.33
2/18/2025,4.33
2/19/2025,4.33
2/20/2025,4.33
2/21/2025,4.33
2/22/2025,4.33
2/23/2025,4.33
2/24/2025,4.33
2/25/2025,4.33
2/26/2025,4.33
2/27/2025,4.33
2/28/2025,4.33
3/1/2025,4.33
3/2/2025,4.33
3/3/2025,4.33
3/4/2025,4.33
3/5/2025,4.33
3/6/2025,4.33
3/7/2025,4.33
3/8/2025,4.33
3/9/2025,4.33
3/10/2025,4.33
3/11/2025,4.33
3/12/2025,4.33
3/13/2025,4.33
3/14/2025,4.33
3/15/2025,4.33
3/16/2025,4.33
3/17/2025,4.33
3/18/2025,4.33
3/19/2025,4.33
3/20/2025,4.33
3/21/2025,4.33
3/22/2025,4.33
3/23/2025,4.33
3/24/2025,4.33
3/25/2025,4.33
3/26/2025,4.33
3/27/2025,4.33
3/28/2025,4.33
3/29/2025,4.33
3/30/2025,4.33
3/31/2025,4.33
4/1/2025,4.33
4/2/2025,4.33
4/3/2025,4.33
4/4/2025,4.33
4/5/2025,4.33
4/6/2025,4.33
4/7/2025,4.33
4/8/2025,4.33
4/9/2025,4.33
4/10/2025,4.33
4/11/2025,4.33
4/12/2025,4.33
4/13/2025,4.33
4/14/2025,4.33
4/15/2025,4.33
4/16/2025,4.33
4/17/2025,4.33
4/18/2025,4.33
4/19/2025,4.33
4/20/2025,4.33
4/21/2025,4.33
4/22/2025,4.33
4/23/2025,4.33
4/24/2025,4.33
4/25/2025,4.33
4/26/2025,4.33
4/27/2025,4.33
4/28/2025,4.33
4/29/2025,4.33
4/30/2025,4.33
5/1/2025,4.33
5/2/2025,4.33
5/3/2025,4.33
5/4/2025,4.33
5/5/2025,4.33
5/6/2025,4.33
5/7/2025,4.33
5/8/2025,4.33
5/9/2025,4.33
5/10/2025,4.33
5/11/2025,4.33
5/12/2025,4.33
5/13/2025,4.33
5/14/2025,4.33
5/15/2025,4.33
5/16/2025,4.33
5/17/2025,4.33
5/18/2025,4.33
5/19/2025,4.33
5/20/2025,4.33
5/21/2025,4.33
5/22/2025,4.33
5/23/2025,4.33
5/24/2025,4.33
5/25/2025,4.33
5/26/2025,4.33
5/27/2025,4.33
5/28/2025,4.33
5/29/2025,4.33
5/30/2025,4.33
5/31/2025,4.33
6/1/2025,4.33
6/2/2025,4.33
6/3/2025,4.33
6/4/2025,4.33
6/5/2025,4.33
6/6/2025,4.33
6/7/2025,4.33
6/8/2025,4.33
6/9/2025,4.33
6/10/2025,4.33
6/11/2025,4.33
6/12/2025,4.33
6/13/2025,4.33
6/14/2025,4.33
6/15/2025,4.33
6/16/2025,4.33
6/17/2025,4.33
6/18/2025,4.33
6/19/2025,4.33
6/20/2025,4.33
6/21/2025,4.33
6/22/2025,4.33
6/23/2025,4.33
6/24/2025,4.33
6/25/2025,4.33
6/26/2025,4.33
6/27/2025,4.33
6/28/2025,4.33
6/29/2025,4.33
6/30/2025,4.33
7/1/2025,4.33
7/2/2025,4.33
7/3/2025,4.33
7/4/2025,4.33
7/5/2025,4.33
7/6/2025,4.33
7/7/2025,4.33
7/8/2025,4.33
7/9/2025,4.33
7/10/2025,4.33
7/11/2025,4.33
7/12/2025,4.33
7/13/2025,4.33
7/14/2025,4.33
7/15/2025,4.33
7/16/2025,4.33
7/17/2025,4.33
7/18/2025,4.33
7/19/2025,4.33
7/20/2025,4.33
7/21/2025,4.33
7/22/2025,4.33
7/23/2025,4.33
7/24/2025,4.33
7/25/2025,4.33
7/26/2025,4.33
7/27/2025,4.33
7/28/2025,4.33
7/29/2025,4.33
7/30/2025,4.33
7/31/2025,4.33
8/1/2025,4.33
8/2/2025,4.33
8/3/2025,4.33
8/4/2025,4.33
8/5/2025,4.33
8/6/2025,4.33
8/7/2025,4.33
8/8/2025,4.33
8/9/2025,4.33
8/10/2025,4.33
8/11/2025,4.33
8/12/2025,4.33
8/13/2025,4.33
8/14/2025,4.33
8/15/2025,4.33
8/16/2025,4.33
8/17/2025,4.33
8/18/2025,4.33
8/19/2025,4.33
8/20/2025,4.33
8/21/2025,4.33
8/22/2025,4.33
8/23/2025,4.33
8/24/2025,4.33
8/25/2025,4.33
8/26/2025,4.33
8/27/2025,4.33
8/28/2025,4.33
8/29/2025,4.33
8/30/2025,4.33
8/31/2025,4.33
9/1/2025,4.22
9/2/2025,4.22
9/3/2025,4.22
9/4/2025,4.22
9/5/2025,4.22
9/6/2025,4.22
9/7/2025,4.22
9/8/2025,4.22
9/9/2025,4.22
9/10/2025,4.22
9/11/2025,4.22
9/12/2025,4.22
9/13/2025,4.22
9/14/2025,4.22
9/15/2025,4.22
9/16/2025,4.22
9/17/2025,4.22
9/18/2025,4.22
9/19/2025,4.22
9/20/2025,4.22
9/21/2025,4.22
9/22/2025,4.22
9/23/2025,4.22
9/24/2025,4.22
9/25/2025,4.22
9/26/2025,4.22
9/27/2025,4.22
9/28/2025,4.22
9/29/2025,4.22
9/30/2025,4.22
10/1/2025,4.09
10/2/2025,4.09
10/3/2025,4.09
10/4/2025,4.09
10/5/2025,4.09
10/6/2025,4.09
10/7/2025,4.09
10/8/2025,4.09
10/9/2025,4.09
10/10/2025,4.09
10/11/2025,4.09
10/12/2025,4.09
10/13/2025,4.09
10/14/2025,4.09
10/15/2025,4.09
10/16/2025,4.09
10/17/2025,4.09
10/18/2025,4.09
10/19/2025,4.09
10/20/2025,4.09
10/21/2025,4.09
10/22/2025,4.09
10/23/2025,4.09
10/24/2025,4.09
10/25/2025,4.09
10/26/2025,4.09
10/27/2025,4.09
10/28/2025,4.09
10/29/2025,4.09
10/30/2025,4.09
10/31/2025,4.09
11/1/2025,3.88
11/2/2025,3.88
11/3/2025,3.88
11/4/2025,3.88
11/5/2025,3.88
11/6/2025,3.88
11/7/2025,3.88
11/8/2025,3.88
11/9/2025,3.88
11/10/2025,3.88
11/11/2025,3.88
11/12/2025,3.88
11/13/2025,3.88
11/14/2025,3.88
11/15/2025,3.88
11/16/2025,3.88
11/17/2025,3.88
11/18/2025,3.88
11/19/2025,3.88
11/20/2025,3.88
11/21/2025,3.88
11/22/2025,3.88
11/23/2025,3.88
11/24/2025,3.88
11/25/2025,3.88
11/26/2025,3.88
11/27/2025,3.88
11/28/2025,3.88
11/29/2025,3.88
11/30/2025,3.88
12/1/2025,3.72
